dataset_id,dataset_title,records_in_export,record_license_counts,dataset_metadata_license,dataset_citation,citation_status,source_api_url,review_action
288e63af-5f94-43d4-a039-f238b432129c,"Fish Specimen Collection of National Museum, Philippines",3,"blank: 3",CC-BY 4.0,"Elloran C (2019): Fish Collection of National Museum, Philippines. v1.13. ASEAN Centre for Biodiversity (ACB). Dataset/Occurrence. http://bim-mirror.aseanbiodiversity.org:8080/ipt/resource?r=ph_fish_collection_museum_b1",available,https://api.obis.org/v3/dataset/288e63af-5f94-43d4-a039-f238b432129c,"Occurrence license is blank; dataset metadata states CC-BY 4.0. Treat as provisional dataset-level inheritance and retain attribution before app reuse."
2891a788-9f30-4413-8f73-9e7686890e9d,"FishNet2 Marine Data",28,"CC-BY-NC 4.0: 28",CC-BY-NC 4.0,"FishNet2 Marine Data. Published 19 December 2023. https://fishnet.tulane.edu/ipt/resource?r=fishnet2_obis",candidate (provider citation field blank),https://api.obis.org/v3/dataset/2891a788-9f30-4413-8f73-9e7686890e9d,"This is a provisional bibliography format from the provider resource title, publication date, and URL, not a provider-supplied citation. Request preferred citation wording. Noncommercial only; hold from Bangwit until app use rights are confirmed. Provider resource: https://fishnet.tulane.edu/ipt/resource?r=fishnet2_obis"
4a606f86-2e7b-44a3-b50d-3d55a887a11f,"DMNS Marine Invertebrate Collection (Arctos)",2,"CC-BY-NC 3.0: 2",CC-BY-NC 4.0,"Denver Museum of Nature & Science Marine Invertebrate Collection",available (brief),https://api.obis.org/v3/dataset/4a606f86-2e7b-44a3-b50d-3d55a887a11f,"Preserve the per-occurrence CC-BY-NC 3.0 values; current dataset metadata says CC-BY-NC 4.0. Ask the provider which version applies to these records. Noncommercial only meanwhile."
4b8ea120-4859-4645-a834-cc5b34c8416c,"Galathea II, Danish Deep Sea Expedition 1950-52",1,"blank: 1",CC-BY 4.0,"Calabuig I (2016). Galathea II, Danish Deep Sea Expedition 1950-52. Zoological Museum, Natural History Museum of Denmark. https://doi.org/10.15468/ouseij",recovered from GBIF registry (OBIS citation blank),https://api.obis.org/v3/dataset/4b8ea120-4859-4645-a834-cc5b34c8416c,"Dataset citation recovered from the GBIF registry page: https://www.gbif.org/dataset/84c333ce-f762-11e1-a439-00145eb45e9a. Cite the OBIS subset/export separately and confirm blank occurrence-license inheritance before reuse."
58bb5aa2-2939-48d5-9015-b18706e26425,"Australian Museum Malacology Collection - Marine records",1,"blank: 1",CC-BY 4.0,"Reid M (2022): Australian Museum Malacology Collection - Marine records. v1.10. CSIRO National Collections and Marine Infrastructure (NCMI) Information and Data Centre (IDC). Dataset/Occurrence. https://www.marine.csiro.au/ipt/resource?r=am_malacology&v=1.10",available,https://api.obis.org/v3/dataset/58bb5aa2-2939-48d5-9015-b18706e26425,"Occurrence license is blank; dataset metadata states CC-BY 4.0. Treat as provisional dataset-level inheritance and retain attribution before app reuse."
89e23fc8-3f61-4480-9de3-358fe6eefe0b,"National Museum of Natural History Invertebrate Zoology Collections",2,"blank: 2",CC-BY 4.0,"National Museum of Natural History, Smithsonian Institution NMNH Invertebrate Zoology Collection Database. National Museum of Natural History, Smithsonian Institution, 10th and Constitution Ave. N.W., Washington, DC 20560-0193, 2001, Version 3.2.04 (0802221).",available,https://api.obis.org/v3/dataset/89e23fc8-3f61-4480-9de3-358fe6eefe0b,"Occurrence license is blank; dataset metadata states CC-BY 4.0. Treat as provisional dataset-level inheritance and retain attribution before app reuse."
aa16d305-d413-4c4a-90be-b1ec3298d58d,"CAS Invertebrate Zoology (IZ)",82,"CC0 1.0: 82",CC0 1.0,"California Academy of Sciences: CAS Invertebrate Zoology (IZ). https://doi.org/10.15468/tiac99",recovered from GBIF registry (OBIS citation blank),https://api.obis.org/v3/dataset/aa16d305-d413-4c4a-90be-b1ec3298d58d,"Dataset citation recovered from the GBIF registry page: https://www.gbif.org/dataset/44bcde48-ac71-46f2-bf73-24fc3c008b6c. Cite the OBIS subset/export separately; occurrence and dataset metadata both state CC0 1.0."
c5687a17-e454-40f9-9a4b-d04b2c812d74,"UF Invertebrate Zoology",2,"blank: 2",CC-BY-NC 4.0,"Florida Museum of Natural History: UF Invertebrate Zoology. https://doi.org/10.15468/sm6qo6",recovered from GBIF registry (OBIS citation blank),https://api.obis.org/v3/dataset/c5687a17-e454-40f9-9a4b-d04b2c812d74,"Dataset citation recovered from the GBIF registry page: https://www.gbif.org/dataset/85b1cfb6-f762-11e1-a439-00145eb45e9a. Occurrence licenses are blank; dataset metadata states CC-BY-NC 4.0, so treat inheritance as provisional and hold from Bangwit until app use rights are confirmed."
d6af0fac-8a21-4d77-8872-f10d471fc0cf,"CAS Ichthyology (ICH)",15,"CC0 1.0: 15",CC0 1.0,"Fong J (2026). CAS Ichthyology (ICH). Version 150.543. California Academy of Sciences. Occurrence dataset. http://ipt.calacademy.org:8080/resource?r=ich&v=150.543",available,https://api.obis.org/v3/dataset/d6af0fac-8a21-4d77-8872-f10d471fc0cf,"CC0 in both occurrence data and dataset metadata. Preserve the citation for provenance."
d6d6fe4c-425f-4ce7-bf28-7a6befaeb413,"National Museum of Natural History Vertebrate Zoology Fishes Collections",7,"blank: 7",CC-BY 4.0,"National Museum of Natural History, Smithsonian Institution NMNH Fishes Collection Database. National Museum of Natural History, Smithsonian Institution, 10th and Constitution Ave. N.W., Washington, DC 20560-0193, 2007.",available,https://api.obis.org/v3/dataset/d6d6fe4c-425f-4ce7-bf28-7a6befaeb413,"Occurrence licenses are blank; dataset metadata states CC-BY 4.0. Treat as provisional dataset-level inheritance and retain attribution before app reuse."
eaea291a-1e1d-4382-b86f-ac3cc15b8d5a,"iNaturalist Research-grade Observations Marine Subset",17,"CC-BY-NC 4.0: 15; CC-BY 4.0: 2",CC-BY-NC 4.0,"iNaturalist contributors, iNaturalist (2026). iNaturalist Research-grade Observations Marine Subset. Version 2.0. Marine Biological Association. Occurrence dataset. https://doi.org/10.17031/0bbcjx",available,https://api.obis.org/v3/dataset/eaea291a-1e1d-4382-b86f-ac3cc15b8d5a,"Keep each occurrence's license. The two CC-BY records differ from the dataset-level CC-BY-NC notice; confirm with the provider before commercial reuse. The other 15 records are noncommercial only."
