"obis_species_name","accepted_name","aphia_id","occurrence_records","reported_provinces","reported_localities","locality_review","cites_screen","shark_order_review","fAO_208_1_review","cavite_local_rules_review","catchability_status","reviewed_on"
"Carcharhinus sorrah","Carcharhinus sorrah","217339","1","","P.I.: Off La Monja Id.","Broad Cavite/Manila Bay-area locality label; exact municipality and water boundary remain unverified.","CITES Appendix II family listing flagged for Carcharhinidae; domestic take/catch application requires review under RA 10654 Section 102(b).","Review FAO 272 scope, vessel/user type, and species-specific conditions before any recommendation.","Direct species-level match against the complete current annex still pending; do not infer permitted status.","Pending exact area/municipal-water match and current LGU ordinance text.","NOT VERIFIED - do not recommend as catchable","2026-10-06"
"Ambassis urotaenia","Ambassis urotaenia","220038","2","","Limbones Cove, Luzon I., P.I.","Broad Cavite/Manila Bay-area locality label; exact municipality and water boundary remain unverified.","No CITES status assigned in this pass; verify against current checklist and applicable BFAR order.","Not a shark; other general, gear, area and seasonal rules still require review.","Direct species-level match against the complete current annex still pending; do not infer permitted status.","Pending exact area/municipal-water match and current LGU ordinance text.","NOT VERIFIED - do not recommend as catchable","2026-10-06"
"Amioides polyacanthus","Amioides polyacanthus","1017557","2","Cavite","Coast of Cavite Province: S. entrance to Manila Bay.","At least one record labels Cavite; exact locality, municipality and water boundary remain unverified.","No CITES status assigned in this pass; verify against current checklist and applicable BFAR order.","Not a shark; other general, gear, area and seasonal rules still require review.","Direct species-level match against the complete current annex still pending; do not infer permitted status.","Pending exact area/municipal-water match and current LGU ordinance text.","NOT VERIFIED - do not recommend as catchable","2026-10-06"
"Aseraggodes albidus","Aseraggodes albidus","398685","2","Batangas","","Source labels these occurrence(s) Batangas; exclude those records from the Cavite pilot, but do not infer absence from Cavite.","No CITES status assigned in this pass; verify against current checklist and applicable BFAR order.","Not a shark; other general, gear, area and seasonal rules still require review.","Direct species-level match against the complete current annex still pending; do not infer permitted status.","Pending exact area/municipal-water match and current LGU ordinance text.","NOT VERIFIED - do not recommend as catchable","2026-10-06"
"Bovichtus variegatus","Bovichtus variegatus","279377","2","","tidepool, Forest Cave, outer coast","No confirming province/locality; coordinates and source record need spatial review.","No CITES status assigned in this pass; verify against current checklist and applicable BFAR order.","Not a shark; other general, gear, area and seasonal rules still require review.","Direct species-level match against the complete current annex still pending; do not infer permitted status.","Pending exact area/municipal-water match and current LGU ordinance text.","NOT VERIFIED - do not recommend as catchable","2026-10-06"
"Callionymus filamentosus","Callionymus filamentosus","126791","2","","Luzon, S of Manila Bay, eastern side of Limbones Cove; high tide.","Broad Cavite/Manila Bay-area locality label; exact municipality and water boundary remain unverified.","No CITES status assigned in this pass; verify against current checklist and applicable BFAR order.","Not a shark; other general, gear, area and seasonal rules still require review.","Direct species-level match against the complete current annex still pending; do not infer permitted status.","Pending exact area/municipal-water match and current LGU ordinance text.","NOT VERIFIED - do not recommend as catchable","2026-10-06"
"Champsodon nudivittis","Champsodon nudivittis","220338","2","Cavite","Coast of Cavite Province: S. entrance to Manila Bay.","At least one record labels Cavite; exact locality, municipality and water boundary remain unverified.","No CITES status assigned in this pass; verify against current checklist and applicable BFAR order.","Not a shark; other general, gear, area and seasonal rules still require review.","Direct species-level match against the complete current annex still pending; do not infer permitted status.","Pending exact area/municipal-water match and current LGU ordinance text.","NOT VERIFIED - do not recommend as catchable","2026-10-06"
"Chelidoperca stella","Chelidoperca stella","1385046","1","Cavite","Coast of Cavite Province: S. entrance to Manila Bay.","At least one record labels Cavite; exact locality, municipality and water boundary remain unverified.","No CITES status assigned in this pass; verify against current checklist and applicable BFAR order.","Not a shark; other general, gear, area and seasonal rules still require review.","Direct species-level match against the complete current annex still pending; do not infer permitted status.","Pending exact area/municipal-water match and current LGU ordinance text.","NOT VERIFIED - do not recommend as catchable","2026-10-06"
"Cynoglossus kopsii","Cynoglossus kopsii","219856","1","","Corregidor Lt., N. 74 Degrees W., 6.9 Miles, Manila Bay","Broad Cavite/Manila Bay-area locality label; exact municipality and water boundary remain unverified.","No CITES status assigned in this pass; verify against current checklist and applicable BFAR order.","Not a shark; other general, gear, area and seasonal rules still require review.","Direct species-level match against the complete current annex still pending; do not infer permitted status.","Pending exact area/municipal-water match and current LGU ordinance text.","NOT VERIFIED - do not recommend as catchable","2026-10-06"
"Girella elevata","Girella elevata","280858","1","","","No confirming province/locality; coordinates and source record need spatial review.","No CITES status assigned in this pass; verify against current checklist and applicable BFAR order.","Not a shark; other general, gear, area and seasonal rules still require review.","Direct species-level match against the complete current annex still pending; do not infer permitted status.","Pending exact area/municipal-water match and current LGU ordinance text.","NOT VERIFIED - do not recommend as catchable","2026-10-06"
"Girella zebra","Girella zebra","280871","1","","","No confirming province/locality; coordinates and source record need spatial review.","No CITES status assigned in this pass; verify against current checklist and applicable BFAR order.","Not a shark; other general, gear, area and seasonal rules still require review.","Direct species-level match against the complete current annex still pending; do not infer permitted status.","Pending exact area/municipal-water match and current LGU ordinance text.","NOT VERIFIED - do not recommend as catchable","2026-10-06"
"Jaydia poeciloptera","Jaydia poeciloptera","1059799","12","","","No confirming province/locality; coordinates and source record need spatial review.","No CITES status assigned in this pass; verify against current checklist and applicable BFAR order.","Not a shark; other general, gear, area and seasonal rules still require review.","Direct species-level match against the complete current annex still pending; do not infer permitted status.","Pending exact area/municipal-water match and current LGU ordinance text.","NOT VERIFIED - do not recommend as catchable","2026-10-06"
"Jaydia smithi","Jaydia smithi","313170","1","","Corregidor Lt., N. 74 Degrees W., 6.9 Miles, Manila Bay","Broad Cavite/Manila Bay-area locality label; exact municipality and water boundary remain unverified.","No CITES status assigned in this pass; verify against current checklist and applicable BFAR order.","Not a shark; other general, gear, area and seasonal rules still require review.","Direct species-level match against the complete current annex still pending; do not infer permitted status.","Pending exact area/municipal-water match and current LGU ordinance text.","NOT VERIFIED - do not recommend as catchable","2026-10-06"
"Jaydia truncata","Jaydia truncata","713309","1","","Corregidor Lt., N. 74 Degrees W., 6.9 Miles, Manila Bay","Broad Cavite/Manila Bay-area locality label; exact municipality and water boundary remain unverified.","No CITES status assigned in this pass; verify against current checklist and applicable BFAR order.","Not a shark; other general, gear, area and seasonal rules still require review.","Direct species-level match against the complete current annex still pending; do not infer permitted status.","Pending exact area/municipal-water match and current LGU ordinance text.","NOT VERIFIED - do not recommend as catchable","2026-10-06"
"Muraenesox cinereus","Muraenesox cinereus","126296","1","Cavite","","At least one record labels Cavite; exact locality, municipality and water boundary remain unverified.","No CITES status assigned in this pass; verify against current checklist and applicable BFAR order.","Not a shark; other general, gear, area and seasonal rules still require review.","Direct species-level match against the complete current annex still pending; do not infer permitted status.","Pending exact area/municipal-water match and current LGU ordinance text.","NOT VERIFIED - do not recommend as catchable","2026-10-06"
"Nemipterus balinensis","Nemipterus balinensis","278118","2","Cavite","off Cavite Prov.","At least one record labels Cavite; exact locality, municipality and water boundary remain unverified.","No CITES status assigned in this pass; verify against current checklist and applicable BFAR order.","Not a shark; other general, gear, area and seasonal rules still require review.","Direct species-level match against the complete current annex still pending; do not infer permitted status.","Pending exact area/municipal-water match and current LGU ordinance text.","NOT VERIFIED - do not recommend as catchable","2026-10-06"
"Nemipterus peronii","Nemipterus peronii","218520","2","Cavite","off Cavite Prov.","At least one record labels Cavite; exact locality, municipality and water boundary remain unverified.","No CITES status assigned in this pass; verify against current checklist and applicable BFAR order.","Not a shark; other general, gear, area and seasonal rules still require review.","Direct species-level match against the complete current annex still pending; do not infer permitted status.","Pending exact area/municipal-water match and current LGU ordinance text.","NOT VERIFIED - do not recommend as catchable","2026-10-06"
"Nemipterus zysron","Nemipterus zysron","218519","2","Cavite","Manila Bay, off Cavite Prov.","At least one record labels Cavite; exact locality, municipality and water boundary remain unverified.","No CITES status assigned in this pass; verify against current checklist and applicable BFAR order.","Not a shark; other general, gear, area and seasonal rules still require review.","Direct species-level match against the complete current annex still pending; do not infer permitted status.","Pending exact area/municipal-water match and current LGU ordinance text.","NOT VERIFIED - do not recommend as catchable","2026-10-06"
"Nuchequula blochii","Nuchequula blochii","398529","1","","Corregidor Lt., N. 74 Degrees W., 6.9 Miles, Manila Bay","Broad Cavite/Manila Bay-area locality label; exact municipality and water boundary remain unverified.","No CITES status assigned in this pass; verify against current checklist and applicable BFAR order.","Not a shark; other general, gear, area and seasonal rules still require review.","Direct species-level match against the complete current annex still pending; do not infer permitted status.","Pending exact area/municipal-water match and current LGU ordinance text.","NOT VERIFIED - do not recommend as catchable","2026-10-06"
"Ostorhinchus fasciatus","Ostorhinchus fasciatus","712656","1","","Corregidor Lt., N. 74 Degrees W., 6.9 Miles, Manila Bay","Broad Cavite/Manila Bay-area locality label; exact municipality and water boundary remain unverified.","No CITES status assigned in this pass; verify against current checklist and applicable BFAR order.","Not a shark; other general, gear, area and seasonal rules still require review.","Direct species-level match against the complete current annex still pending; do not infer permitted status.","Pending exact area/municipal-water match and current LGU ordinance text.","NOT VERIFIED - do not recommend as catchable","2026-10-06"
"Ostorhinchus pleuron","Ostorhinchus pleuron","712683","3","","Corregidor Lt., N. 74 Degrees W., 6.9 Miles, Manila Bay","Broad Cavite/Manila Bay-area locality label; exact municipality and water boundary remain unverified.","No CITES status assigned in this pass; verify against current checklist and applicable BFAR order.","Not a shark; other general, gear, area and seasonal rules still require review.","Direct species-level match against the complete current annex still pending; do not infer permitted status.","Pending exact area/municipal-water match and current LGU ordinance text.","NOT VERIFIED - do not recommend as catchable","2026-10-06"
"Ostracion rhinorhynchos","Ostracion rhinorhynchos","278935","1","Cavite","","At least one record labels Cavite; exact locality, municipality and water boundary remain unverified.","No CITES status assigned in this pass; verify against current checklist and applicable BFAR order.","Not a shark; other general, gear, area and seasonal rules still require review.","Direct species-level match against the complete current annex still pending; do not infer permitted status.","Pending exact area/municipal-water match and current LGU ordinance text.","NOT VERIFIED - do not recommend as catchable","2026-10-06"
"Parexocoetus mento","Parexocoetus mento","126388","1","","Limbones Cove, w. Luzon.","Broad Cavite/Manila Bay-area locality label; exact municipality and water boundary remain unverified.","No CITES status assigned in this pass; verify against current checklist and applicable BFAR order.","Not a shark; other general, gear, area and seasonal rules still require review.","Direct species-level match against the complete current annex still pending; do not infer permitted status.","Pending exact area/municipal-water match and current LGU ordinance text.","NOT VERIFIED - do not recommend as catchable","2026-10-06"
"Pseudanthias tuka","Mirolabrichthys tuka","218272","2","Cavite","S entrance of Bay: at Cavite coast.","At least one record labels Cavite; exact locality, municipality and water boundary remain unverified.","No CITES status assigned in this pass; verify against current checklist and applicable BFAR order.","Not a shark; other general, gear, area and seasonal rules still require review.","Direct species-level match against the complete current annex still pending; do not infer permitted status.","Pending exact area/municipal-water match and current LGU ordinance text.","NOT VERIFIED - do not recommend as catchable","2026-10-06"
"Rogadius asper","Rogadius asper","218150","2","","South of Manila Bay; E side of Limbones Cove","Broad Cavite/Manila Bay-area locality label; exact municipality and water boundary remain unverified.","No CITES status assigned in this pass; verify against current checklist and applicable BFAR order.","Not a shark; other general, gear, area and seasonal rules still require review.","Direct species-level match against the complete current annex still pending; do not infer permitted status.","Pending exact area/municipal-water match and current LGU ordinance text.","NOT VERIFIED - do not recommend as catchable","2026-10-06"
"Sillago sihama","Sillago sihama","127046","2","","Limbones Cove, Luzon I., P.I.","Broad Cavite/Manila Bay-area locality label; exact municipality and water boundary remain unverified.","No CITES status assigned in this pass; verify against current checklist and applicable BFAR order.","Not a shark; other general, gear, area and seasonal rules still require review.","Direct species-level match against the complete current annex still pending; do not infer permitted status.","Pending exact area/municipal-water match and current LGU ordinance text.","NOT VERIFIED - do not recommend as catchable","2026-10-06"
"Stolephorus indicus","Stolephorus indicus","212280","1","Cavite","","At least one record labels Cavite; exact locality, municipality and water boundary remain unverified.","No CITES status assigned in this pass; verify against current checklist and applicable BFAR order.","Not a shark; other general, gear, area and seasonal rules still require review.","Direct species-level match against the complete current annex still pending; do not infer permitted status.","Pending exact area/municipal-water match and current LGU ordinance text.","NOT VERIFIED - do not recommend as catchable","2026-10-06"
