"species_name","class","family","species_ids","aphia_ids","occurrence_record_count","earliest_record_year","latest_record_year","dataset_ids","dataset_urls","licenses","bibliographic_citations","occurrence_ids","records_with_coordinate_uncertainty_over_10km","max_coordinate_uncertainty_m"
"Ambassis urotaenia","Teleostei","Ambassidae","220038","220038","2","","","2891a788-9f30-4413-8f73-9e7686890e9d | d6af0fac-8a21-4d77-8872-f10d471fc0cf","https://obis.org/dataset/2891a788-9f30-4413-8f73-9e7686890e9d | https://obis.org/dataset/d6af0fac-8a21-4d77-8872-f10d471fc0cf","(CC-BY NC) 4.0 | https://creativecommons.org/publicdomain/zero/1.0/","","5f27e1cd-f942-4c2e-954f-90525941d7a2 | cf54df3e-fd15-463c-a923-b578dc1a88d7","0","3131"
"Amioides polyacanthus","Teleostei","Apogonidae","1017557","1017557","2","1947","1947","2891a788-9f30-4413-8f73-9e7686890e9d | d6af0fac-8a21-4d77-8872-f10d471fc0cf","https://obis.org/dataset/2891a788-9f30-4413-8f73-9e7686890e9d | https://obis.org/dataset/d6af0fac-8a21-4d77-8872-f10d471fc0cf","(CC-BY NC) 4.0 | https://creativecommons.org/publicdomain/zero/1.0/","","8a931e4e-58f6-4528-86b5-45c96d5e0459 | a4a7679e-b7b8-4fc5-8daa-9838d8a569dc","2","24829"
"Amphibalanus reticulatus","Thecostraca","Balanidae","421140","421140","1","1995","1995","aa16d305-d413-4c4a-90be-b1ec3298d58d","https://obis.org/dataset/aa16d305-d413-4c4a-90be-b1ec3298d58d","https://creativecommons.org/publicdomain/zero/1.0/","","1bba3091-1f7a-4d6a-a713-4dc679d63812","0","5729"
"Annachlamys striatula","Bivalvia","Pectinidae","393967","393967","1","1984","1984","c5687a17-e454-40f9-9a4b-d04b2c812d74","https://obis.org/dataset/c5687a17-e454-40f9-9a4b-d04b2c812d74","","","f6abc2db-1c86-4082-9dc7-fc41b6ec72de","0",""
"Anomalodiscus squamosus","Bivalvia","Veneridae","507445","507445","1","2022","2022","eaea291a-1e1d-4382-b86f-ac3cc15b8d5a","https://obis.org/dataset/eaea291a-1e1d-4382-b86f-ac3cc15b8d5a","https://creativecommons.org/licenses/by/4.0/","","f01873ad-7053-4023-b912-8dcd3055cf58","0","25"
"Aseraggodes albidus","Teleostei","Soleidae","398685","398685","2","2016","2016","eaea291a-1e1d-4382-b86f-ac3cc15b8d5a","https://obis.org/dataset/eaea291a-1e1d-4382-b86f-ac3cc15b8d5a","https://creativecommons.org/licenses/by-nc/4.0/","","0ae2b285-f55f-4be1-bd52-13bc465d007c | 2c81dff6-8578-44b6-b956-6c79e2638d1c","0","8"
"Bovichtus variegatus","Teleostei","Bovichtidae","279377","279377","2","1957","1957","2891a788-9f30-4413-8f73-9e7686890e9d | d6af0fac-8a21-4d77-8872-f10d471fc0cf","https://obis.org/dataset/2891a788-9f30-4413-8f73-9e7686890e9d | https://obis.org/dataset/d6af0fac-8a21-4d77-8872-f10d471fc0cf","(CC-BY NC) 4.0 | https://creativecommons.org/publicdomain/zero/1.0/","","03315c39-2052-4349-886a-abe467aada40 | 4373516c-f35f-4163-97d4-c34d3be60117","2","1121686"
"Bufonaria cavitensis","Gastropoda","Bursidae","476437","476437","1","","","4a606f86-2e7b-44a3-b50d-3d55a887a11f","https://obis.org/dataset/4a606f86-2e7b-44a3-b50d-3d55a887a11f","https://creativecommons.org/licenses/by-nc/3.0","","58de02a0-0544-47b6-a0ac-98c2f715d8c9","0","3036"
"Callionymus filamentosus","Teleostei","Callionymidae","126791","126791","2","1964","1964","2891a788-9f30-4413-8f73-9e7686890e9d | d6af0fac-8a21-4d77-8872-f10d471fc0cf","https://obis.org/dataset/2891a788-9f30-4413-8f73-9e7686890e9d | https://obis.org/dataset/d6af0fac-8a21-4d77-8872-f10d471fc0cf","(CC-BY NC) 4.0 | https://creativecommons.org/publicdomain/zero/1.0/","","65be57c8-224e-4b11-aaed-3c5dd5469c83 | c3a0f39d-a9a2-4b6d-ba75-09ed357fde70","0","3131"
"Capnella imbricata","Octocorallia","Capnellidae","287333","287333","1","1995","1995","aa16d305-d413-4c4a-90be-b1ec3298d58d","https://obis.org/dataset/aa16d305-d413-4c4a-90be-b1ec3298d58d","https://creativecommons.org/publicdomain/zero/1.0/","","6aaf9738-4a5e-493c-a19e-2affbe8b83ff","0","5729"
"Carcharhinus sorrah","Elasmobranchii","Carcharhinidae","217339","217339","1","1909","1909","d6d6fe4c-425f-4ce7-bf28-7a6befaeb413","https://obis.org/dataset/d6d6fe4c-425f-4ce7-bf28-7a6befaeb413","","Department of Vertebrate Zoology, Research and Collections Information System, NMNH, Smithsonian Institution","5a70834a-fac8-4fa1-b998-337587eb35b4","0",""
"Carminodoris estrelyado","Gastropoda","Discodorididae","872610","872610","1","1995","1995","aa16d305-d413-4c4a-90be-b1ec3298d58d","https://obis.org/dataset/aa16d305-d413-4c4a-90be-b1ec3298d58d","https://creativecommons.org/publicdomain/zero/1.0/","","5eb66d39-8c40-4921-b261-87297cf617c6","0","5729"
"Champsodon nudivittis","Teleostei","Champsodontidae","220338","220338","2","1947","1947","2891a788-9f30-4413-8f73-9e7686890e9d | d6af0fac-8a21-4d77-8872-f10d471fc0cf","https://obis.org/dataset/2891a788-9f30-4413-8f73-9e7686890e9d | https://obis.org/dataset/d6af0fac-8a21-4d77-8872-f10d471fc0cf","(CC-BY NC) 4.0 | https://creativecommons.org/publicdomain/zero/1.0/","","40c8e439-f11f-44fe-bd81-6b7138c5314b | 72aa95e8-6462-4eba-8f18-2f4e092881c1","2","24829"
"Chelidonura hirundinina","Gastropoda","Aglajidae","420528","420528","1","1995","1995","aa16d305-d413-4c4a-90be-b1ec3298d58d","https://obis.org/dataset/aa16d305-d413-4c4a-90be-b1ec3298d58d","https://creativecommons.org/publicdomain/zero/1.0/","","b4b31ebc-a911-406c-9c5b-127c9782cc24","0","5729"
"Chelidoperca stella","Teleostei","Serranidae","1385046","1385046","1","1947","1947","d6af0fac-8a21-4d77-8872-f10d471fc0cf","https://obis.org/dataset/d6af0fac-8a21-4d77-8872-f10d471fc0cf","https://creativecommons.org/publicdomain/zero/1.0/","","caac5119-bc29-47d3-aa85-0a6ce3987016","1","24829"
"Chromodoris joshi","Gastropoda","Chromodorididae","457496","457496","1","1995","1995","aa16d305-d413-4c4a-90be-b1ec3298d58d","https://obis.org/dataset/aa16d305-d413-4c4a-90be-b1ec3298d58d","https://creativecommons.org/publicdomain/zero/1.0/","","e8a38bd2-94aa-4d37-b9cc-36b591925542","0","5729"
"Coenobita rugosus","Malacostraca","Coenobitidae","208657","208657","1","2025","2025","eaea291a-1e1d-4382-b86f-ac3cc15b8d5a","https://obis.org/dataset/eaea291a-1e1d-4382-b86f-ac3cc15b8d5a","https://creativecommons.org/licenses/by-nc/4.0/","","8fae88f6-493f-40e4-bdfb-ac8d3dc44469","0","36"
"Cynoglossus kopsii","Teleostei","Cynoglossidae","219856","219856","1","1909","1909","d6d6fe4c-425f-4ce7-bf28-7a6befaeb413","https://obis.org/dataset/d6d6fe4c-425f-4ce7-bf28-7a6befaeb413","","Department of Vertebrate Zoology, Research and Collections Information System, NMNH, Smithsonian Institution","c6e47cd7-152a-4ba9-a0f7-c34129beb7e2","0",""
"Echinometra mathaei","Echinoidea","Echinometridae","213383","213383","1","1908","1908","89e23fc8-3f61-4480-9de3-358fe6eefe0b","https://obis.org/dataset/89e23fc8-3f61-4480-9de3-358fe6eefe0b","","Department of Invertebrate Zoology, Research and Collections Information System, NMNH, Smithsonian Institution. See: http://www.mnh.si.edu/rc/db/collection_db_policy1.html, 05-14-2010","2dc12851-7a12-4c0b-865a-8c361f076a55","0",""
"Egretta eulophotes","Aves","Ardeidae","446492","446492","1","2024","2024","eaea291a-1e1d-4382-b86f-ac3cc15b8d5a","https://obis.org/dataset/eaea291a-1e1d-4382-b86f-ac3cc15b8d5a","https://creativecommons.org/licenses/by/4.0/","","82a4157d-c8aa-43cc-923d-9e172e788cf0","1","30981"
"Egretta garzetta","Aves","Ardeidae","159115","159115","1","2026","2026","eaea291a-1e1d-4382-b86f-ac3cc15b8d5a","https://obis.org/dataset/eaea291a-1e1d-4382-b86f-ac3cc15b8d5a","https://creativecommons.org/licenses/by-nc/4.0/","","31281d78-f1ca-4695-8e45-84d8f807a5d2","0","396"
"Elysia ornata","Gastropoda","Plakobranchidae","139682","139682","1","1995","1995","aa16d305-d413-4c4a-90be-b1ec3298d58d","https://obis.org/dataset/aa16d305-d413-4c4a-90be-b1ec3298d58d","https://creativecommons.org/publicdomain/zero/1.0/","","198f4b21-46b8-4f6e-926f-10c3758b0f0a","0","5729"
"Epitonium scalare","Gastropoda","Epitoniidae","207942","207942","1","1990","1990","4a606f86-2e7b-44a3-b50d-3d55a887a11f","https://obis.org/dataset/4a606f86-2e7b-44a3-b50d-3d55a887a11f","https://creativecommons.org/licenses/by-nc/3.0","","7fbd4377-c72c-4919-8927-22c57306f76d","0","3036"
"Eretmochelys imbricata","","Cheloniidae","137207","137207","1","2023","2023","eaea291a-1e1d-4382-b86f-ac3cc15b8d5a","https://obis.org/dataset/eaea291a-1e1d-4382-b86f-ac3cc15b8d5a","https://creativecommons.org/licenses/by-nc/4.0/","","a3d32930-7cc0-4560-bcda-b5573bb722ad","1","30968"
"Girella elevata","Teleostei","Kyphosidae","280858","280858","1","1957","1957","2891a788-9f30-4413-8f73-9e7686890e9d","https://obis.org/dataset/2891a788-9f30-4413-8f73-9e7686890e9d","(CC-BY NC) 4.0","","fb60f89c-53e8-4614-a51d-101cf92d0814","1","1121686"
"Girella zebra","Teleostei","Kyphosidae","280871","280871","1","1952","1952","2891a788-9f30-4413-8f73-9e7686890e9d","https://obis.org/dataset/2891a788-9f30-4413-8f73-9e7686890e9d","(CC-BY NC) 4.0","","47531543-66c1-4a54-96b7-15f44ede27c4","1","1121686"
"Goniobranchus fidelis","Gastropoda","Chromodorididae","597334","597334","1","1995","1995","aa16d305-d413-4c4a-90be-b1ec3298d58d","https://obis.org/dataset/aa16d305-d413-4c4a-90be-b1ec3298d58d","https://creativecommons.org/publicdomain/zero/1.0/","","ee705b81-dc36-4232-b9a2-86e395db7b72","0","5729"
"Goniobranchus preciosus","Gastropoda","Chromodorididae","597340","597340","1","1995","1995","aa16d305-d413-4c4a-90be-b1ec3298d58d","https://obis.org/dataset/aa16d305-d413-4c4a-90be-b1ec3298d58d","https://creativecommons.org/publicdomain/zero/1.0/","","b245f160-58d9-4050-bf25-1b026acdfddd","0","5729"
"Grapsus albolineatus","Malacostraca","Grapsidae","207523","207523","1","2025","2025","eaea291a-1e1d-4382-b86f-ac3cc15b8d5a","https://obis.org/dataset/eaea291a-1e1d-4382-b86f-ac3cc15b8d5a","https://creativecommons.org/licenses/by-nc/4.0/","","a2182535-0440-4531-8de0-2de5b698d0e5","0","83"
"Hallaxa indecora","Gastropoda","Actinocyclidae","582450","582450","1","1995","1995","aa16d305-d413-4c4a-90be-b1ec3298d58d","https://obis.org/dataset/aa16d305-d413-4c4a-90be-b1ec3298d58d","https://creativecommons.org/publicdomain/zero/1.0/","","4dbf38bd-273b-462f-913d-c5ff521fdd20","0","5729"
"Heliofungia actiniformis","Hexacorallia","Fungiidae","207362","207362","2","2017","2025","eaea291a-1e1d-4382-b86f-ac3cc15b8d5a","https://obis.org/dataset/eaea291a-1e1d-4382-b86f-ac3cc15b8d5a","https://creativecommons.org/licenses/by-nc/4.0/","","29c0b698-752d-40e6-8422-c2a95ca372a0 | 7a9d7bad-c7a8-4ee8-afe8-1f56fbc32b29","2","30981"
"Hypselodoris emma","Gastropoda","Chromodorididae","209596","209596","1","1995","1995","aa16d305-d413-4c4a-90be-b1ec3298d58d","https://obis.org/dataset/aa16d305-d413-4c4a-90be-b1ec3298d58d","https://creativecommons.org/publicdomain/zero/1.0/","","7a3b51d2-fd5c-43d6-af9b-d5ddfc189bf8","0","5729"
"Hypselodoris infucata","Gastropoda","Chromodorididae","139151","139151","1","1995","1995","aa16d305-d413-4c4a-90be-b1ec3298d58d","https://obis.org/dataset/aa16d305-d413-4c4a-90be-b1ec3298d58d","https://creativecommons.org/publicdomain/zero/1.0/","","e6dfccf8-6b20-4fd2-bda1-df43df193c4d","0","5729"
"Hypselodoris maritima","Gastropoda","Chromodorididae","558302","558302","1","1995","1995","aa16d305-d413-4c4a-90be-b1ec3298d58d","https://obis.org/dataset/aa16d305-d413-4c4a-90be-b1ec3298d58d","https://creativecommons.org/publicdomain/zero/1.0/","","1f83cf46-a5f5-40fa-ac71-a8b6fdb44abf","0","5729"
"Hypselodoris purpureomaculosa","Gastropoda","Chromodorididae","559984","559984","1","1995","1995","aa16d305-d413-4c4a-90be-b1ec3298d58d","https://obis.org/dataset/aa16d305-d413-4c4a-90be-b1ec3298d58d","https://creativecommons.org/publicdomain/zero/1.0/","","9b779940-6878-47e0-85ad-d8c8f7bb3c90","0","5729"
"Hypselodoris rositoi","Gastropoda","Chromodorididae","1297851","1297851","1","2009","2009","aa16d305-d413-4c4a-90be-b1ec3298d58d","https://obis.org/dataset/aa16d305-d413-4c4a-90be-b1ec3298d58d","https://creativecommons.org/publicdomain/zero/1.0/","","b71fb6e6-2557-4d74-8a16-41e5cc319e35","1","17050"
"Jacksonaster depressum","Echinoidea","Laganidae","513356","513356","1","1908","1908","89e23fc8-3f61-4480-9de3-358fe6eefe0b","https://obis.org/dataset/89e23fc8-3f61-4480-9de3-358fe6eefe0b","","Department of Invertebrate Zoology, Research and Collections Information System, NMNH, Smithsonian Institution. See: http://www.mnh.si.edu/rc/db/collection_db_policy1.html, 05-14-2010","a30c19cd-1c2d-48f3-892f-c6975e1eef87","0",""
"Jaydia poeciloptera","Teleostei","Apogonidae","1059799","1059799","12","2013","2013","2891a788-9f30-4413-8f73-9e7686890e9d","https://obis.org/dataset/2891a788-9f30-4413-8f73-9e7686890e9d","(CC-BY NC) 4.0","","0fed35cf-dbcc-4a2f-884e-723d33f3c2f9 | 30c4b828-f942-46a4-8285-abd231859aa8 | 4bd13014-0c9c-48c1-83d9-4a7854fe2c27 | 6d7b1e2f-2c4a-4676-991d-b605d453cbbe | 8f34c6bd-1004-423d-93be-5145256ee2d2 | 98e36260-3cca-48a1-b95f-290d87f13651 | 9f11d96f-3736-45ef-9ebc-4cb428b10f2c | a3a8abfa-a5f6-4c74-bce9-b20e0f6a1691 | b4152009-3bea-4b62-875f-dfc74ce7b506 | dc4c4fca-d536-4287-929f-9a6dbe4b9cfc | ec41b996-6c93-40a1-acb0-794a3c6682a8 | fefadf1b-4562-4842-8e1e-31e5acad1ddb","0",""
"Jaydia smithi","Teleostei","Apogonidae","313170","313170","1","1909","1909","d6d6fe4c-425f-4ce7-bf28-7a6befaeb413","https://obis.org/dataset/d6d6fe4c-425f-4ce7-bf28-7a6befaeb413","","Department of Vertebrate Zoology, Research and Collections Information System, NMNH, Smithsonian Institution","c914f2c1-994e-42a9-9a42-294c7f918e3a","0",""
"Jaydia truncata","Teleostei","Apogonidae","713309","713309","1","1909","1909","d6d6fe4c-425f-4ce7-bf28-7a6befaeb413","https://obis.org/dataset/d6d6fe4c-425f-4ce7-bf28-7a6befaeb413","","Department of Vertebrate Zoology, Research and Collections Information System, NMNH, Smithsonian Institution","a958bedf-7c6a-4b82-96f1-f11e835a2c80","0",""
"Latona bicolor","Bivalvia","Donacidae","1760924","1760924","2","1981","1981","eaea291a-1e1d-4382-b86f-ac3cc15b8d5a","https://obis.org/dataset/eaea291a-1e1d-4382-b86f-ac3cc15b8d5a","https://creativecommons.org/licenses/by-nc/4.0/","","d8924ef9-a6e4-41e0-a424-b916ca68dffb | f7a88414-6453-41ce-8883-81328477b038","0","4000"
"Lepidochelys olivacea","","Cheloniidae","220293","220293","1","2021","2021","eaea291a-1e1d-4382-b86f-ac3cc15b8d5a","https://obis.org/dataset/eaea291a-1e1d-4382-b86f-ac3cc15b8d5a","https://creativecommons.org/licenses/by-nc/4.0/","","e5e9c35c-57a8-4fb7-a750-482b43b3b74d","1","30968"
"Linckia laevigata","Asteroidea","Ophidiasteridae","207610","207610","1","2015","2015","eaea291a-1e1d-4382-b86f-ac3cc15b8d5a","https://obis.org/dataset/eaea291a-1e1d-4382-b86f-ac3cc15b8d5a","https://creativecommons.org/licenses/by-nc/4.0/","","e503607b-8a91-4a53-a201-a4f28a037a5e","0",""
"Mariaglaja inornata","Gastropoda","Aglajidae","1055243","1055243","1","1995","1995","aa16d305-d413-4c4a-90be-b1ec3298d58d","https://obis.org/dataset/aa16d305-d413-4c4a-90be-b1ec3298d58d","https://creativecommons.org/publicdomain/zero/1.0/","","3035b1c0-e37e-43c1-bdc2-9a88c95939a6","0","5729"
"Melibe digitata","Gastropoda","Tethydidae","388315","388315","1","1995","1995","aa16d305-d413-4c4a-90be-b1ec3298d58d","https://obis.org/dataset/aa16d305-d413-4c4a-90be-b1ec3298d58d","https://creativecommons.org/publicdomain/zero/1.0/","","07ebda54-b053-4a6d-a74c-4047ba5a65f4","0","5729"
"Melibe engeli","Gastropoda","Tethydidae","593362","593362","1","1995","1995","aa16d305-d413-4c4a-90be-b1ec3298d58d","https://obis.org/dataset/aa16d305-d413-4c4a-90be-b1ec3298d58d","https://creativecommons.org/publicdomain/zero/1.0/","","bd0bbe1e-19e0-42c4-b5a0-6f82c21e03aa","0","5729"
"Mexichromis multituberculata","Gastropoda","Chromodorididae","558673","558673","1","1995","1995","aa16d305-d413-4c4a-90be-b1ec3298d58d","https://obis.org/dataset/aa16d305-d413-4c4a-90be-b1ec3298d58d","https://creativecommons.org/publicdomain/zero/1.0/","","31439178-3419-456c-87f3-d0a0d321ec56","0","5729"
"Monetaria annulus","Gastropoda","Cypraeidae","216875","216875","2","1979","1979","58bb5aa2-2939-48d5-9015-b18706e26425 | aa16d305-d413-4c4a-90be-b1ec3298d58d","https://obis.org/dataset/58bb5aa2-2939-48d5-9015-b18706e26425 | https://obis.org/dataset/aa16d305-d413-4c4a-90be-b1ec3298d58d","https://creativecommons.org/publicdomain/zero/1.0/","","a738168d-759f-4fc6-8b17-e06dd181bcfc | cc7d13e3-3b78-4bc1-98cb-10a0517509aa","0","10000"
"Muraenesox cinereus","Teleostei","Muraenesocidae","126296","126296","1","1948","1948","288e63af-5f94-43d4-a039-f238b432129c","https://obis.org/dataset/288e63af-5f94-43d4-a039-f238b432129c","","","dab99770-b55c-44bc-9aeb-f7d4a9c2b233","0",""
"Nembrotha mullineri","Gastropoda","Polyceridae","527329","527329","1","1995","1995","aa16d305-d413-4c4a-90be-b1ec3298d58d","https://obis.org/dataset/aa16d305-d413-4c4a-90be-b1ec3298d58d","https://creativecommons.org/publicdomain/zero/1.0/","","719d84ae-13ab-4a3f-90fd-1c95b9cdc755","0","5729"
"Nemipterus balinensis","Teleostei","Nemipteridae","278118","278118","2","1947","1947","2891a788-9f30-4413-8f73-9e7686890e9d | d6af0fac-8a21-4d77-8872-f10d471fc0cf","https://obis.org/dataset/2891a788-9f30-4413-8f73-9e7686890e9d | https://obis.org/dataset/d6af0fac-8a21-4d77-8872-f10d471fc0cf","(CC-BY NC) 4.0 | https://creativecommons.org/publicdomain/zero/1.0/","","2440495a-808f-4884-a3ee-bba45f8d072c | b3ed9cc7-2083-438f-8528-7db79dfd49c5","2","24829"
"Nemipterus peronii","Teleostei","Nemipteridae","218520","218520","2","","","2891a788-9f30-4413-8f73-9e7686890e9d | d6af0fac-8a21-4d77-8872-f10d471fc0cf","https://obis.org/dataset/2891a788-9f30-4413-8f73-9e7686890e9d | https://obis.org/dataset/d6af0fac-8a21-4d77-8872-f10d471fc0cf","(CC-BY NC) 4.0 | https://creativecommons.org/publicdomain/zero/1.0/","","9af2a088-e4de-43bb-9f67-387236fe7abb | bf51e1db-b2ce-4425-81db-44e119c26070","2","24829"
"Nemipterus zysron","Teleostei","Nemipteridae","218519","218519","2","1947","1947","2891a788-9f30-4413-8f73-9e7686890e9d | d6af0fac-8a21-4d77-8872-f10d471fc0cf","https://obis.org/dataset/2891a788-9f30-4413-8f73-9e7686890e9d | https://obis.org/dataset/d6af0fac-8a21-4d77-8872-f10d471fc0cf","(CC-BY NC) 4.0 | https://creativecommons.org/publicdomain/zero/1.0/","","2db0e246-95b3-4193-aa2b-731b6c23e182 | 32acf166-ebb1-4a74-bb84-fd71ca70489d","2","24829"
"Nerita albicilla","Gastropoda","Neritidae","216254","216254","1","1981","1981","eaea291a-1e1d-4382-b86f-ac3cc15b8d5a","https://obis.org/dataset/eaea291a-1e1d-4382-b86f-ac3cc15b8d5a","https://creativecommons.org/licenses/by-nc/4.0/","","c8b4fd61-0dd2-4c10-bd23-00a6c28fa0bb","0","4000"
"Nuchequula blochii","Teleostei","Leiognathidae","398529","398529","1","1909","1909","d6d6fe4c-425f-4ce7-bf28-7a6befaeb413","https://obis.org/dataset/d6d6fe4c-425f-4ce7-bf28-7a6befaeb413","","Department of Vertebrate Zoology, Research and Collections Information System, NMNH, Smithsonian Institution","9f16eeaa-9c50-4cad-97f9-5a728254ea1f","0",""
"Odontoglaja guamensis","Gastropoda","Aglajidae","559047","559047","1","1995","1995","aa16d305-d413-4c4a-90be-b1ec3298d58d","https://obis.org/dataset/aa16d305-d413-4c4a-90be-b1ec3298d58d","https://creativecommons.org/publicdomain/zero/1.0/","","88e4483b-a3db-4427-841f-ae54270f71af","0","5729"
"Ostorhinchus fasciatus","Teleostei","Apogonidae","712656","712656","1","1909","1909","d6d6fe4c-425f-4ce7-bf28-7a6befaeb413","https://obis.org/dataset/d6d6fe4c-425f-4ce7-bf28-7a6befaeb413","","Department of Vertebrate Zoology, Research and Collections Information System, NMNH, Smithsonian Institution","0283ab44-b1e8-4ed4-9e11-2cff048300aa","0",""
"Ostorhinchus pleuron","Teleostei","Apogonidae","712683","712683","3","1909","2013","2891a788-9f30-4413-8f73-9e7686890e9d | d6d6fe4c-425f-4ce7-bf28-7a6befaeb413","https://obis.org/dataset/2891a788-9f30-4413-8f73-9e7686890e9d | https://obis.org/dataset/d6d6fe4c-425f-4ce7-bf28-7a6befaeb413","(CC-BY NC) 4.0","Department of Vertebrate Zoology, Research and Collections Information System, NMNH, Smithsonian Institution","5e40cfc8-4752-4df2-8e28-d00d3b29c332 | 891458c1-6061-467b-ab4d-dde63d3f8f77 | dd7c909e-e8e5-4fae-b768-eea845e2de83","0",""
"Ostracion rhinorhynchos","Teleostei","Ostraciidae","278935","278935","1","1947","1947","288e63af-5f94-43d4-a039-f238b432129c","https://obis.org/dataset/288e63af-5f94-43d4-a039-f238b432129c","","","de331418-cfe9-4e0a-9797-8f2512729ad5","0",""
"Parexocoetus mento","Teleostei","Exocoetidae","126388","126388","1","1947","1947","d6af0fac-8a21-4d77-8872-f10d471fc0cf","https://obis.org/dataset/d6af0fac-8a21-4d77-8872-f10d471fc0cf","https://creativecommons.org/publicdomain/zero/1.0/","","3a26e32c-b505-4f09-8370-83ed687db83c","0","3131"
"Patelloida lentiginosa","Gastropoda","Lottiidae","456635","456635","1","1981","1981","eaea291a-1e1d-4382-b86f-ac3cc15b8d5a","https://obis.org/dataset/eaea291a-1e1d-4382-b86f-ac3cc15b8d5a","https://creativecommons.org/licenses/by-nc/4.0/","","760e35e9-8bc7-4ddb-a7df-fe3a4164e60f","0","4000"
"Phascolosoma (Phascolosoma) nigrescens","","Phascolosomatidae","220538","220538","1","1951","1951","4b8ea120-4859-4645-a834-cc5b34c8416c","https://obis.org/dataset/4b8ea120-4859-4645-a834-cc5b34c8416c","","","e00337d2-d21c-41c1-a49f-04341b0f707c","0","1750"
"Phenacovolva nectarea","Gastropoda","Ovulidae","467630","467630","1","1995","1995","aa16d305-d413-4c4a-90be-b1ec3298d58d","https://obis.org/dataset/aa16d305-d413-4c4a-90be-b1ec3298d58d","https://creativecommons.org/publicdomain/zero/1.0/","","46b95dd1-13b1-4a7b-b8a0-cc0328b0d97f","0","5729"
"Phyllidia exquisita","Gastropoda","Phyllidiidae","536631","536631","1","1995","1995","aa16d305-d413-4c4a-90be-b1ec3298d58d","https://obis.org/dataset/aa16d305-d413-4c4a-90be-b1ec3298d58d","https://creativecommons.org/publicdomain/zero/1.0/","","f7f1eae8-3236-40e6-8d15-57c166384b37","0","5729"
"Phyllidiopsis annae","Gastropoda","Phyllidiidae","536725","536725","1","1995","1995","aa16d305-d413-4c4a-90be-b1ec3298d58d","https://obis.org/dataset/aa16d305-d413-4c4a-90be-b1ec3298d58d","https://creativecommons.org/publicdomain/zero/1.0/","","38b66f40-c550-4392-8846-ad7ad34302e3","0","5729"
"Phyllidiopsis striata","Gastropoda","Phyllidiidae","536722","536722","1","1995","1995","aa16d305-d413-4c4a-90be-b1ec3298d58d","https://obis.org/dataset/aa16d305-d413-4c4a-90be-b1ec3298d58d","https://creativecommons.org/publicdomain/zero/1.0/","","6f4b63fc-da9f-47b9-8a27-ce5b88727d7e","0","5729"
"Phyllodesmium opalescens","Gastropoda","Myrrhinidae","599305","599305","1","1995","1995","aa16d305-d413-4c4a-90be-b1ec3298d58d","https://obis.org/dataset/aa16d305-d413-4c4a-90be-b1ec3298d58d","https://creativecommons.org/publicdomain/zero/1.0/","","ce8552de-28b9-4b4c-b123-7b4fec98aa56","0","5729"
"Pseudanthias tuka","Teleostei","Anthiadidae","218272","218272","2","1947","1947","2891a788-9f30-4413-8f73-9e7686890e9d | d6af0fac-8a21-4d77-8872-f10d471fc0cf","https://obis.org/dataset/2891a788-9f30-4413-8f73-9e7686890e9d | https://obis.org/dataset/d6af0fac-8a21-4d77-8872-f10d471fc0cf","(CC-BY NC) 4.0 | https://creativecommons.org/publicdomain/zero/1.0/","","71c61eb9-dfe1-4045-ab23-4f79a429842a | f132057b-db55-4173-9b72-de6740c89470","2","24829"
"Rogadius asper","Teleostei","Platycephalidae","218150","218150","2","1964","1964","2891a788-9f30-4413-8f73-9e7686890e9d | d6af0fac-8a21-4d77-8872-f10d471fc0cf","https://obis.org/dataset/2891a788-9f30-4413-8f73-9e7686890e9d | https://obis.org/dataset/d6af0fac-8a21-4d77-8872-f10d471fc0cf","(CC-BY NC) 4.0 | https://creativecommons.org/publicdomain/zero/1.0/","","3dba867c-f43a-4582-a026-04784d9b9b54 | df8673a7-ee9d-48b0-8c67-4375a254f7a1","0","3131"
"Sagaminopteron nigropunctatum","Gastropoda","Gastropteridae","599449","599449","1","1995","1995","aa16d305-d413-4c4a-90be-b1ec3298d58d","https://obis.org/dataset/aa16d305-d413-4c4a-90be-b1ec3298d58d","https://creativecommons.org/publicdomain/zero/1.0/","","47fd4834-0b17-4b87-ac3d-efd824a3b356","0","5729"
"Sepioteuthis lessoniana","Cephalopoda","Loliginidae","220317","220317","1","","","aa16d305-d413-4c4a-90be-b1ec3298d58d","https://obis.org/dataset/aa16d305-d413-4c4a-90be-b1ec3298d58d","https://creativecommons.org/publicdomain/zero/1.0/","","ee70b42a-c5e5-4c5d-ae26-c3d08c5cb2ca","1","17050"
"Septifer bilocularis","Bivalvia","Mytilidae","216632","216632","1","1981","1981","eaea291a-1e1d-4382-b86f-ac3cc15b8d5a","https://obis.org/dataset/eaea291a-1e1d-4382-b86f-ac3cc15b8d5a","https://creativecommons.org/licenses/by-nc/4.0/","","3da611eb-a2f6-4be3-82f3-f34b3e3a18d9","0","4000"
"Sillago sihama","Teleostei","Sillaginidae","127046","127046","2","","","2891a788-9f30-4413-8f73-9e7686890e9d | d6af0fac-8a21-4d77-8872-f10d471fc0cf","https://obis.org/dataset/2891a788-9f30-4413-8f73-9e7686890e9d | https://obis.org/dataset/d6af0fac-8a21-4d77-8872-f10d471fc0cf","(CC-BY NC) 4.0 | https://creativecommons.org/publicdomain/zero/1.0/","","83efab83-717f-4310-a1da-8458a050e706 | a79562a3-37e0-4ecc-b406-0b3093df11c6","0","3131"
"Sinum planulatum","Gastropoda","Naticidae","569948","569948","1","1950","1950","c5687a17-e454-40f9-9a4b-d04b2c812d74","https://obis.org/dataset/c5687a17-e454-40f9-9a4b-d04b2c812d74","","","e2000b28-f128-4d2d-ae30-d9e082f67dcc","0",""
"Stolephorus indicus","Teleostei","Engraulidae","212280","212280","1","1948","1948","288e63af-5f94-43d4-a039-f238b432129c","https://obis.org/dataset/288e63af-5f94-43d4-a039-f238b432129c","","","6ad5b3c0-daee-4db4-b1fb-1ea45f32e912","0",""
"Thuridilla albopustulosa","Gastropoda","Plakobranchidae","494488","494488","1","1995","1995","aa16d305-d413-4c4a-90be-b1ec3298d58d","https://obis.org/dataset/aa16d305-d413-4c4a-90be-b1ec3298d58d","https://creativecommons.org/publicdomain/zero/1.0/","","0bca885e-e2c1-4987-afcc-04212fd6e21f","0","5729"
"Thuridilla flavomaculata","Gastropoda","Plakobranchidae","494493","494493","1","1995","1995","aa16d305-d413-4c4a-90be-b1ec3298d58d","https://obis.org/dataset/aa16d305-d413-4c4a-90be-b1ec3298d58d","https://creativecommons.org/publicdomain/zero/1.0/","","95b16f31-1297-4dcd-b601-302746199977","0","5729"
"Tubulophilinopsis gardineri","Gastropoda","Aglajidae","1055265","1055265","1","1995","1995","aa16d305-d413-4c4a-90be-b1ec3298d58d","https://obis.org/dataset/aa16d305-d413-4c4a-90be-b1ec3298d58d","https://creativecommons.org/publicdomain/zero/1.0/","","aaab3f35-6617-4532-986b-f61c0c049985","0","5729"
