"species_name","class","family","species_ids","aphia_ids","occurrence_record_count","earliest_record_year","latest_record_year","dataset_ids","dataset_urls","licenses","bibliographic_citations","occurrence_ids","records_with_coordinate_uncertainty_over_10km","max_coordinate_uncertainty_m","evidence_label","catchability_status"
"Carcharhinus sorrah","Elasmobranchii","Carcharhinidae","217339","217339","1","1909","1909","d6d6fe4c-425f-4ce7-bf28-7a6befaeb413","https://obis.org/dataset/d6d6fe4c-425f-4ce7-bf28-7a6befaeb413","","Department of Vertebrate Zoology, Research and Collections Information System, NMNH, Smithsonian Institution","5a70834a-fac8-4fa1-b998-337587eb35b4","0","","Historical occurrence record — location not fully verified","Not assessed; not a catch recommendation"
"Ambassis urotaenia","Teleostei","Ambassidae","220038","220038","2","","","2891a788-9f30-4413-8f73-9e7686890e9d | d6af0fac-8a21-4d77-8872-f10d471fc0cf","https://obis.org/dataset/2891a788-9f30-4413-8f73-9e7686890e9d | https://obis.org/dataset/d6af0fac-8a21-4d77-8872-f10d471fc0cf","(CC-BY NC) 4.0 | https://creativecommons.org/publicdomain/zero/1.0/","","5f27e1cd-f942-4c2e-954f-90525941d7a2 | cf54df3e-fd15-463c-a923-b578dc1a88d7","0","3131","Historical occurrence record — location not fully verified","Not assessed; not a catch recommendation"
"Amioides polyacanthus","Teleostei","Apogonidae","1017557","1017557","2","1947","1947","2891a788-9f30-4413-8f73-9e7686890e9d | d6af0fac-8a21-4d77-8872-f10d471fc0cf","https://obis.org/dataset/2891a788-9f30-4413-8f73-9e7686890e9d | https://obis.org/dataset/d6af0fac-8a21-4d77-8872-f10d471fc0cf","(CC-BY NC) 4.0 | https://creativecommons.org/publicdomain/zero/1.0/","","8a931e4e-58f6-4528-86b5-45c96d5e0459 | a4a7679e-b7b8-4fc5-8daa-9838d8a569dc","2","24829","Historical occurrence record — location not fully verified","Not assessed; not a catch recommendation"
"Aseraggodes albidus","Teleostei","Soleidae","398685","398685","2","2016","2016","eaea291a-1e1d-4382-b86f-ac3cc15b8d5a","https://obis.org/dataset/eaea291a-1e1d-4382-b86f-ac3cc15b8d5a","https://creativecommons.org/licenses/by-nc/4.0/","","0ae2b285-f55f-4be1-bd52-13bc465d007c | 2c81dff6-8578-44b6-b956-6c79e2638d1c","0","8","Historical occurrence record — location not fully verified","Not assessed; not a catch recommendation"
"Bovichtus variegatus","Teleostei","Bovichtidae","279377","279377","2","1957","1957","2891a788-9f30-4413-8f73-9e7686890e9d | d6af0fac-8a21-4d77-8872-f10d471fc0cf","https://obis.org/dataset/2891a788-9f30-4413-8f73-9e7686890e9d | https://obis.org/dataset/d6af0fac-8a21-4d77-8872-f10d471fc0cf","(CC-BY NC) 4.0 | https://creativecommons.org/publicdomain/zero/1.0/","","03315c39-2052-4349-886a-abe467aada40 | 4373516c-f35f-4163-97d4-c34d3be60117","2","1121686","Historical occurrence record — location not fully verified","Not assessed; not a catch recommendation"
"Callionymus filamentosus","Teleostei","Callionymidae","126791","126791","2","1964","1964","2891a788-9f30-4413-8f73-9e7686890e9d | d6af0fac-8a21-4d77-8872-f10d471fc0cf","https://obis.org/dataset/2891a788-9f30-4413-8f73-9e7686890e9d | https://obis.org/dataset/d6af0fac-8a21-4d77-8872-f10d471fc0cf","(CC-BY NC) 4.0 | https://creativecommons.org/publicdomain/zero/1.0/","","65be57c8-224e-4b11-aaed-3c5dd5469c83 | c3a0f39d-a9a2-4b6d-ba75-09ed357fde70","0","3131","Historical occurrence record — location not fully verified","Not assessed; not a catch recommendation"
"Champsodon nudivittis","Teleostei","Champsodontidae","220338","220338","2","1947","1947","2891a788-9f30-4413-8f73-9e7686890e9d | d6af0fac-8a21-4d77-8872-f10d471fc0cf","https://obis.org/dataset/2891a788-9f30-4413-8f73-9e7686890e9d | https://obis.org/dataset/d6af0fac-8a21-4d77-8872-f10d471fc0cf","(CC-BY NC) 4.0 | https://creativecommons.org/publicdomain/zero/1.0/","","40c8e439-f11f-44fe-bd81-6b7138c5314b | 72aa95e8-6462-4eba-8f18-2f4e092881c1","2","24829","Historical occurrence record — location not fully verified","Not assessed; not a catch recommendation"
"Chelidoperca stella","Teleostei","Serranidae","1385046","1385046","1","1947","1947","d6af0fac-8a21-4d77-8872-f10d471fc0cf","https://obis.org/dataset/d6af0fac-8a21-4d77-8872-f10d471fc0cf","https://creativecommons.org/publicdomain/zero/1.0/","","caac5119-bc29-47d3-aa85-0a6ce3987016","1","24829","Historical occurrence record — location not fully verified","Not assessed; not a catch recommendation"
"Cynoglossus kopsii","Teleostei","Cynoglossidae","219856","219856","1","1909","1909","d6d6fe4c-425f-4ce7-bf28-7a6befaeb413","https://obis.org/dataset/d6d6fe4c-425f-4ce7-bf28-7a6befaeb413","","Department of Vertebrate Zoology, Research and Collections Information System, NMNH, Smithsonian Institution","c6e47cd7-152a-4ba9-a0f7-c34129beb7e2","0","","Historical occurrence record — location not fully verified","Not assessed; not a catch recommendation"
"Girella elevata","Teleostei","Kyphosidae","280858","280858","1","1957","1957","2891a788-9f30-4413-8f73-9e7686890e9d","https://obis.org/dataset/2891a788-9f30-4413-8f73-9e7686890e9d","(CC-BY NC) 4.0","","fb60f89c-53e8-4614-a51d-101cf92d0814","1","1121686","Historical occurrence record — location not fully verified","Not assessed; not a catch recommendation"
"Girella zebra","Teleostei","Kyphosidae","280871","280871","1","1952","1952","2891a788-9f30-4413-8f73-9e7686890e9d","https://obis.org/dataset/2891a788-9f30-4413-8f73-9e7686890e9d","(CC-BY NC) 4.0","","47531543-66c1-4a54-96b7-15f44ede27c4","1","1121686","Historical occurrence record — location not fully verified","Not assessed; not a catch recommendation"
"Jaydia poeciloptera","Teleostei","Apogonidae","1059799","1059799","12","2013","2013","2891a788-9f30-4413-8f73-9e7686890e9d","https://obis.org/dataset/2891a788-9f30-4413-8f73-9e7686890e9d","(CC-BY NC) 4.0","","0fed35cf-dbcc-4a2f-884e-723d33f3c2f9 | 30c4b828-f942-46a4-8285-abd231859aa8 | 4bd13014-0c9c-48c1-83d9-4a7854fe2c27 | 6d7b1e2f-2c4a-4676-991d-b605d453cbbe | 8f34c6bd-1004-423d-93be-5145256ee2d2 | 98e36260-3cca-48a1-b95f-290d87f13651 | 9f11d96f-3736-45ef-9ebc-4cb428b10f2c | a3a8abfa-a5f6-4c74-bce9-b20e0f6a1691 | b4152009-3bea-4b62-875f-dfc74ce7b506 | dc4c4fca-d536-4287-929f-9a6dbe4b9cfc | ec41b996-6c93-40a1-acb0-794a3c6682a8 | fefadf1b-4562-4842-8e1e-31e5acad1ddb","0","","Historical occurrence record — location not fully verified","Not assessed; not a catch recommendation"
"Jaydia smithi","Teleostei","Apogonidae","313170","313170","1","1909","1909","d6d6fe4c-425f-4ce7-bf28-7a6befaeb413","https://obis.org/dataset/d6d6fe4c-425f-4ce7-bf28-7a6befaeb413","","Department of Vertebrate Zoology, Research and Collections Information System, NMNH, Smithsonian Institution","c914f2c1-994e-42a9-9a42-294c7f918e3a","0","","Historical occurrence record — location not fully verified","Not assessed; not a catch recommendation"
"Jaydia truncata","Teleostei","Apogonidae","713309","713309","1","1909","1909","d6d6fe4c-425f-4ce7-bf28-7a6befaeb413","https://obis.org/dataset/d6d6fe4c-425f-4ce7-bf28-7a6befaeb413","","Department of Vertebrate Zoology, Research and Collections Information System, NMNH, Smithsonian Institution","a958bedf-7c6a-4b82-96f1-f11e835a2c80","0","","Historical occurrence record — location not fully verified","Not assessed; not a catch recommendation"
"Muraenesox cinereus","Teleostei","Muraenesocidae","126296","126296","1","1948","1948","288e63af-5f94-43d4-a039-f238b432129c","https://obis.org/dataset/288e63af-5f94-43d4-a039-f238b432129c","","","dab99770-b55c-44bc-9aeb-f7d4a9c2b233","0","","Historical occurrence record — location not fully verified","Not assessed; not a catch recommendation"
"Nemipterus balinensis","Teleostei","Nemipteridae","278118","278118","2","1947","1947","2891a788-9f30-4413-8f73-9e7686890e9d | d6af0fac-8a21-4d77-8872-f10d471fc0cf","https://obis.org/dataset/2891a788-9f30-4413-8f73-9e7686890e9d | https://obis.org/dataset/d6af0fac-8a21-4d77-8872-f10d471fc0cf","(CC-BY NC) 4.0 | https://creativecommons.org/publicdomain/zero/1.0/","","2440495a-808f-4884-a3ee-bba45f8d072c | b3ed9cc7-2083-438f-8528-7db79dfd49c5","2","24829","Historical occurrence record — location not fully verified","Not assessed; not a catch recommendation"
"Nemipterus peronii","Teleostei","Nemipteridae","218520","218520","2","","","2891a788-9f30-4413-8f73-9e7686890e9d | d6af0fac-8a21-4d77-8872-f10d471fc0cf","https://obis.org/dataset/2891a788-9f30-4413-8f73-9e7686890e9d | https://obis.org/dataset/d6af0fac-8a21-4d77-8872-f10d471fc0cf","(CC-BY NC) 4.0 | https://creativecommons.org/publicdomain/zero/1.0/","","9af2a088-e4de-43bb-9f67-387236fe7abb | bf51e1db-b2ce-4425-81db-44e119c26070","2","24829","Historical occurrence record — location not fully verified","Not assessed; not a catch recommendation"
"Nemipterus zysron","Teleostei","Nemipteridae","218519","218519","2","1947","1947","2891a788-9f30-4413-8f73-9e7686890e9d | d6af0fac-8a21-4d77-8872-f10d471fc0cf","https://obis.org/dataset/2891a788-9f30-4413-8f73-9e7686890e9d | https://obis.org/dataset/d6af0fac-8a21-4d77-8872-f10d471fc0cf","(CC-BY NC) 4.0 | https://creativecommons.org/publicdomain/zero/1.0/","","2db0e246-95b3-4193-aa2b-731b6c23e182 | 32acf166-ebb1-4a74-bb84-fd71ca70489d","2","24829","Historical occurrence record — location not fully verified","Not assessed; not a catch recommendation"
"Nuchequula blochii","Teleostei","Leiognathidae","398529","398529","1","1909","1909","d6d6fe4c-425f-4ce7-bf28-7a6befaeb413","https://obis.org/dataset/d6d6fe4c-425f-4ce7-bf28-7a6befaeb413","","Department of Vertebrate Zoology, Research and Collections Information System, NMNH, Smithsonian Institution","9f16eeaa-9c50-4cad-97f9-5a728254ea1f","0","","Historical occurrence record — location not fully verified","Not assessed; not a catch recommendation"
"Ostorhinchus fasciatus","Teleostei","Apogonidae","712656","712656","1","1909","1909","d6d6fe4c-425f-4ce7-bf28-7a6befaeb413","https://obis.org/dataset/d6d6fe4c-425f-4ce7-bf28-7a6befaeb413","","Department of Vertebrate Zoology, Research and Collections Information System, NMNH, Smithsonian Institution","0283ab44-b1e8-4ed4-9e11-2cff048300aa","0","","Historical occurrence record — location not fully verified","Not assessed; not a catch recommendation"
"Ostorhinchus pleuron","Teleostei","Apogonidae","712683","712683","3","1909","2013","2891a788-9f30-4413-8f73-9e7686890e9d | d6d6fe4c-425f-4ce7-bf28-7a6befaeb413","https://obis.org/dataset/2891a788-9f30-4413-8f73-9e7686890e9d | https://obis.org/dataset/d6d6fe4c-425f-4ce7-bf28-7a6befaeb413","(CC-BY NC) 4.0","Department of Vertebrate Zoology, Research and Collections Information System, NMNH, Smithsonian Institution","5e40cfc8-4752-4df2-8e28-d00d3b29c332 | 891458c1-6061-467b-ab4d-dde63d3f8f77 | dd7c909e-e8e5-4fae-b768-eea845e2de83","0","","Historical occurrence record — location not fully verified","Not assessed; not a catch recommendation"
"Ostracion rhinorhynchos","Teleostei","Ostraciidae","278935","278935","1","1947","1947","288e63af-5f94-43d4-a039-f238b432129c","https://obis.org/dataset/288e63af-5f94-43d4-a039-f238b432129c","","","de331418-cfe9-4e0a-9797-8f2512729ad5","0","","Historical occurrence record — location not fully verified","Not assessed; not a catch recommendation"
"Parexocoetus mento","Teleostei","Exocoetidae","126388","126388","1","1947","1947","d6af0fac-8a21-4d77-8872-f10d471fc0cf","https://obis.org/dataset/d6af0fac-8a21-4d77-8872-f10d471fc0cf","https://creativecommons.org/publicdomain/zero/1.0/","","3a26e32c-b505-4f09-8370-83ed687db83c","0","3131","Historical occurrence record — location not fully verified","Not assessed; not a catch recommendation"
"Pseudanthias tuka","Teleostei","Anthiadidae","218272","218272","2","1947","1947","2891a788-9f30-4413-8f73-9e7686890e9d | d6af0fac-8a21-4d77-8872-f10d471fc0cf","https://obis.org/dataset/2891a788-9f30-4413-8f73-9e7686890e9d | https://obis.org/dataset/d6af0fac-8a21-4d77-8872-f10d471fc0cf","(CC-BY NC) 4.0 | https://creativecommons.org/publicdomain/zero/1.0/","","71c61eb9-dfe1-4045-ab23-4f79a429842a | f132057b-db55-4173-9b72-de6740c89470","2","24829","Historical occurrence record — location not fully verified","Not assessed; not a catch recommendation"
"Rogadius asper","Teleostei","Platycephalidae","218150","218150","2","1964","1964","2891a788-9f30-4413-8f73-9e7686890e9d | d6af0fac-8a21-4d77-8872-f10d471fc0cf","https://obis.org/dataset/2891a788-9f30-4413-8f73-9e7686890e9d | https://obis.org/dataset/d6af0fac-8a21-4d77-8872-f10d471fc0cf","(CC-BY NC) 4.0 | https://creativecommons.org/publicdomain/zero/1.0/","","3dba867c-f43a-4582-a026-04784d9b9b54 | df8673a7-ee9d-48b0-8c67-4375a254f7a1","0","3131","Historical occurrence record — location not fully verified","Not assessed; not a catch recommendation"
"Sillago sihama","Teleostei","Sillaginidae","127046","127046","2","","","2891a788-9f30-4413-8f73-9e7686890e9d | d6af0fac-8a21-4d77-8872-f10d471fc0cf","https://obis.org/dataset/2891a788-9f30-4413-8f73-9e7686890e9d | https://obis.org/dataset/d6af0fac-8a21-4d77-8872-f10d471fc0cf","(CC-BY NC) 4.0 | https://creativecommons.org/publicdomain/zero/1.0/","","83efab83-717f-4310-a1da-8458a050e706 | a79562a3-37e0-4ecc-b406-0b3093df11c6","0","3131","Historical occurrence record — location not fully verified","Not assessed; not a catch recommendation"
"Stolephorus indicus","Teleostei","Engraulidae","212280","212280","1","1948","1948","288e63af-5f94-43d4-a039-f238b432129c","https://obis.org/dataset/288e63af-5f94-43d4-a039-f238b432129c","","","6ad5b3c0-daee-4db4-b1fb-1ea45f32e912","0","","Historical occurrence record — location not fully verified","Not assessed; not a catch recommendation"
