"recorded_name","accepted_name","aphia_id","taxon_status","class","event_date","year","reported_province","reported_locality","latitude","longitude","coordinate_uncertainty_m","locality_review","source_georeference_remarks","obis_shoredistance_m","obis_quality_flags","locality_screen_status","locality_screen_reason","map_use_recommendation","boundary_verification_status","basis_of_record","occurrence_id","obis_record_url","dataset_title","dataset_id","obis_dataset_url","dataset_citation","record_license","dataset_metadata_license","worms_record_url","evidence_status","catchability_status","app_use_status"
"Ambassis urotaenia","Ambassis urotaenia","220038","accepted","Teleostei","","","","Limbones Cove, Luzon I., P.I.","14.245076","120.610974","3131","Coordinate uncertainty is at most 10 km; verify the source locality and municipal-water boundary before local display.","Polygon covers Limbones Cove. Coordinates placed at center of polygon.","1307","[""NO_DEPTH""]","Limbones Cove historical lead; approximate area only","The locality names Limbones Cove, but OBIS says the coordinates were placed at the center of a polygon; the point is not an exact collection spot.","Keep only as a broad historical cove-area lead; do not display as a fishing spot or precise point.","Not completed: a suitable authoritative Cavite fishing-water boundary geometry is not included in this project.","PreservedSpecimen","urn:catalog:CAS:SU(ICH):21615","https://obis.org/occurrence/cf54df3e-fd15-463c-a923-b578dc1a88d7","CAS Ichthyology (ICH)","d6af0fac-8a21-4d77-8872-f10d471fc0cf","https://obis.org/dataset/d6af0fac-8a21-4d77-8872-f10d471fc0cf","Fong J (2026). CAS Ichthyology (ICH). Version 150.543. California Academy of Sciences. Occurrence dataset. http://ipt.calacademy.org:8080/resource?r=ich&v=150.543","https://creativecommons.org/publicdomain/zero/1.0/","CC0 1.0","https://www.marinespecies.org/aphia.php?p=taxdetails&id=220038","Historical museum specimen record; current local presence is not established.","Not assessed; do not present as catch advice.","Research only; locality and applicable rules remain unverified."
"Amioides polyacanthus","Amioides polyacanthus","1017557","accepted","Teleostei","1947-10-02","1947","Cavite","Coast of Cavite Province: S. entrance to Manila Bay.","14.358786","120.760205","24829","Broad-area lead only; source locality/province and the Cavite water boundary still need verification.","Error covers Manila Bay off Cavite Province.","2461","[""NO_DEPTH""]","Cavite/Manila Bay historical lead; approximate area only","The source locality or georeference remarks name Cavite/Manila Bay, but the reported coordinate uncertainty exceeds 10 km.","Keep only at broad coastal-area scale; do not display as a fishing spot or precise point.","Not completed: a suitable authoritative Cavite fishing-water boundary geometry is not included in this project.","PreservedSpecimen","urn:catalog:CAS:ICH:52211","https://obis.org/occurrence/8a931e4e-58f6-4528-86b5-45c96d5e0459","CAS Ichthyology (ICH)","d6af0fac-8a21-4d77-8872-f10d471fc0cf","https://obis.org/dataset/d6af0fac-8a21-4d77-8872-f10d471fc0cf","Fong J (2026). CAS Ichthyology (ICH). Version 150.543. California Academy of Sciences. Occurrence dataset. http://ipt.calacademy.org:8080/resource?r=ich&v=150.543","https://creativecommons.org/publicdomain/zero/1.0/","CC0 1.0","https://www.marinespecies.org/aphia.php?p=taxdetails&id=1017557","Historical museum specimen record; current local presence is not established.","Not assessed; do not present as catch advice.","Research only; locality and applicable rules remain unverified."
"Bovichtus variegatus","Bovichtus variegatus","279377","accepted","Teleostei","1957-03-02","1957","","tidepool, Forest Cave, outer coast","14.107651","120.623249","1121686","Do not use as localized Cavite evidence until the original locality/georeference is resolved; uncertainty exceeds 100 km.","Coordinates at Forest Cove. Error expanded to covers the rest of Philippines.","74","[""NO_DEPTH""]","Exclude from Cavite-specific evidence","The source locality is generic and the georeference remarks say the error was expanded to cover the rest of the Philippines.","Do not map or count as Cavite-specific evidence unless the source locality is corrected.","Not completed: a suitable authoritative Cavite fishing-water boundary geometry is not included in this project.","PreservedSpecimen","urn:catalog:CAS:SU(ICH):51590","https://obis.org/occurrence/03315c39-2052-4349-886a-abe467aada40","CAS Ichthyology (ICH)","d6af0fac-8a21-4d77-8872-f10d471fc0cf","https://obis.org/dataset/d6af0fac-8a21-4d77-8872-f10d471fc0cf","Fong J (2026). CAS Ichthyology (ICH). Version 150.543. California Academy of Sciences. Occurrence dataset. http://ipt.calacademy.org:8080/resource?r=ich&v=150.543","https://creativecommons.org/publicdomain/zero/1.0/","CC0 1.0","https://www.marinespecies.org/aphia.php?p=taxdetails&id=279377","Historical museum specimen record; current local presence is not established.","Not assessed; do not present as catch advice.","Research only; locality and applicable rules remain unverified."
"Callionymus filamentosus","Callionymus filamentosus","126791","accepted","Teleostei","1964-01-01","1964","","Luzon, S of Manila Bay, eastern side of Limbones Cove; high tide.","14.245076","120.610974","3131","Coordinate uncertainty is at most 10 km; verify the source locality and municipal-water boundary before local display.","Polygon covers Limbones Cove. Coordinates placed at center of polygon.","1307","[]","Limbones Cove historical lead; approximate area only","The locality names Limbones Cove, but OBIS says the coordinates were placed at the center of a polygon; the point is not an exact collection spot.","Keep only as a broad historical cove-area lead; do not display as a fishing spot or precise point.","Not completed: a suitable authoritative Cavite fishing-water boundary geometry is not included in this project.","PreservedSpecimen","urn:catalog:CAS:ICH:32862","https://obis.org/occurrence/c3a0f39d-a9a2-4b6d-ba75-09ed357fde70","CAS Ichthyology (ICH)","d6af0fac-8a21-4d77-8872-f10d471fc0cf","https://obis.org/dataset/d6af0fac-8a21-4d77-8872-f10d471fc0cf","Fong J (2026). CAS Ichthyology (ICH). Version 150.543. California Academy of Sciences. Occurrence dataset. http://ipt.calacademy.org:8080/resource?r=ich&v=150.543","https://creativecommons.org/publicdomain/zero/1.0/","CC0 1.0","https://www.marinespecies.org/aphia.php?p=taxdetails&id=126791","Historical museum specimen record; current local presence is not established.","Not assessed; do not present as catch advice.","Research only; locality and applicable rules remain unverified."
"Champsodon nudivittis","Champsodon nudivittis","220338","accepted","Teleostei","1947-10-02","1947","Cavite","Coast of Cavite Province: S. entrance to Manila Bay.","14.358786","120.760205","24829","Broad-area lead only; source locality/province and the Cavite water boundary still need verification.","Error covers Manila Bay off Cavite Province.","2461","[""NO_DEPTH""]","Cavite/Manila Bay historical lead; approximate area only","The source locality or georeference remarks name Cavite/Manila Bay, but the reported coordinate uncertainty exceeds 10 km.","Keep only at broad coastal-area scale; do not display as a fishing spot or precise point.","Not completed: a suitable authoritative Cavite fishing-water boundary geometry is not included in this project.","PreservedSpecimen","urn:catalog:CAS:ICH:46386","https://obis.org/occurrence/72aa95e8-6462-4eba-8f18-2f4e092881c1","CAS Ichthyology (ICH)","d6af0fac-8a21-4d77-8872-f10d471fc0cf","https://obis.org/dataset/d6af0fac-8a21-4d77-8872-f10d471fc0cf","Fong J (2026). CAS Ichthyology (ICH). Version 150.543. California Academy of Sciences. Occurrence dataset. http://ipt.calacademy.org:8080/resource?r=ich&v=150.543","https://creativecommons.org/publicdomain/zero/1.0/","CC0 1.0","https://www.marinespecies.org/aphia.php?p=taxdetails&id=220338","Historical museum specimen record; current local presence is not established.","Not assessed; do not present as catch advice.","Research only; locality and applicable rules remain unverified."
"Chelidoperca stella","Chelidoperca stella","1385046","accepted","Teleostei","1947-10-02","1947","Cavite","Coast of Cavite Province: S. entrance to Manila Bay.","14.358786","120.760205","24829","Broad-area lead only; source locality/province and the Cavite water boundary still need verification.","Error covers Manila Bay off Cavite Province.","2461","[""NO_DEPTH""]","Cavite/Manila Bay historical lead; approximate area only","The source locality or georeference remarks name Cavite/Manila Bay, but the reported coordinate uncertainty exceeds 10 km.","Keep only at broad coastal-area scale; do not display as a fishing spot or precise point.","Not completed: a suitable authoritative Cavite fishing-water boundary geometry is not included in this project.","PreservedSpecimen","urn:catalog:CAS:ICH:52679","https://obis.org/occurrence/caac5119-bc29-47d3-aa85-0a6ce3987016","CAS Ichthyology (ICH)","d6af0fac-8a21-4d77-8872-f10d471fc0cf","https://obis.org/dataset/d6af0fac-8a21-4d77-8872-f10d471fc0cf","Fong J (2026). CAS Ichthyology (ICH). Version 150.543. California Academy of Sciences. Occurrence dataset. http://ipt.calacademy.org:8080/resource?r=ich&v=150.543","https://creativecommons.org/publicdomain/zero/1.0/","CC0 1.0","https://www.marinespecies.org/aphia.php?p=taxdetails&id=1385046","Historical museum specimen record; current local presence is not established.","Not assessed; do not present as catch advice.","Research only; locality and applicable rules remain unverified."
"Pseudanthias tuka","Mirolabrichthys tuka","312510","superseded combination","Teleostei","1947-10","1947","Cavite","S entrance of Bay: at Cavite coast.","14.358786","120.760205","24829","Broad-area lead only; source locality/province and the Cavite water boundary still need verification.","Error covers Manila Bay off Cavite Province.","2461","[""NO_DEPTH""]","Cavite/Manila Bay historical lead; approximate area only","The source locality or georeference remarks name Cavite/Manila Bay, but the reported coordinate uncertainty exceeds 10 km.","Keep only at broad coastal-area scale; do not display as a fishing spot or precise point.","Not completed: a suitable authoritative Cavite fishing-water boundary geometry is not included in this project.","PreservedSpecimen","urn:catalog:CAS:ICH:45860","https://obis.org/occurrence/71c61eb9-dfe1-4045-ab23-4f79a429842a","CAS Ichthyology (ICH)","d6af0fac-8a21-4d77-8872-f10d471fc0cf","https://obis.org/dataset/d6af0fac-8a21-4d77-8872-f10d471fc0cf","Fong J (2026). CAS Ichthyology (ICH). Version 150.543. California Academy of Sciences. Occurrence dataset. http://ipt.calacademy.org:8080/resource?r=ich&v=150.543","https://creativecommons.org/publicdomain/zero/1.0/","CC0 1.0","https://www.marinespecies.org/aphia.php?p=taxdetails&id=218272","Historical museum specimen record; current local presence is not established.","Not assessed; do not present as catch advice.","Research only; locality and applicable rules remain unverified."
"Nemipterus balinensis","Nemipterus balinensis","278118","accepted","Teleostei","1947-10-02","1947","Cavite","off Cavite Prov.","14.358786","120.760205","24829","Broad-area lead only; source locality/province and the Cavite water boundary still need verification.","Error covers Manila Bay off Cavite Province.","2461","[""NO_DEPTH""]","Cavite/Manila Bay historical lead; approximate area only","The source locality or georeference remarks name Cavite/Manila Bay, but the reported coordinate uncertainty exceeds 10 km.","Keep only at broad coastal-area scale; do not display as a fishing spot or precise point.","Not completed: a suitable authoritative Cavite fishing-water boundary geometry is not included in this project.","PreservedSpecimen","urn:catalog:CAS:ICH:51976","https://obis.org/occurrence/b3ed9cc7-2083-438f-8528-7db79dfd49c5","CAS Ichthyology (ICH)","d6af0fac-8a21-4d77-8872-f10d471fc0cf","https://obis.org/dataset/d6af0fac-8a21-4d77-8872-f10d471fc0cf","Fong J (2026). CAS Ichthyology (ICH). Version 150.543. California Academy of Sciences. Occurrence dataset. http://ipt.calacademy.org:8080/resource?r=ich&v=150.543","https://creativecommons.org/publicdomain/zero/1.0/","CC0 1.0","https://www.marinespecies.org/aphia.php?p=taxdetails&id=278118","Historical museum specimen record; current local presence is not established.","Not assessed; do not present as catch advice.","Research only; locality and applicable rules remain unverified."
"Nemipterus peronii","Nemipterus peronii","218520","accepted","Teleostei","","","Cavite","off Cavite Prov.","14.358786","120.760205","24829","Broad-area lead only; source locality/province and the Cavite water boundary still need verification.","Error covers Manila Bay off Cavite Province.","2461","[""NO_DEPTH""]","Cavite/Manila Bay historical lead; approximate area only","The source locality or georeference remarks name Cavite/Manila Bay, but the reported coordinate uncertainty exceeds 10 km.","Keep only at broad coastal-area scale; do not display as a fishing spot or precise point.","Not completed: a suitable authoritative Cavite fishing-water boundary geometry is not included in this project.","PreservedSpecimen","urn:catalog:CAS:ICH:51977","https://obis.org/occurrence/bf51e1db-b2ce-4425-81db-44e119c26070","CAS Ichthyology (ICH)","d6af0fac-8a21-4d77-8872-f10d471fc0cf","https://obis.org/dataset/d6af0fac-8a21-4d77-8872-f10d471fc0cf","Fong J (2026). CAS Ichthyology (ICH). Version 150.543. California Academy of Sciences. Occurrence dataset. http://ipt.calacademy.org:8080/resource?r=ich&v=150.543","https://creativecommons.org/publicdomain/zero/1.0/","CC0 1.0","https://www.marinespecies.org/aphia.php?p=taxdetails&id=218520","Historical museum specimen record; current local presence is not established.","Not assessed; do not present as catch advice.","Research only; locality and applicable rules remain unverified."
"Nemipterus zysron","Nemipterus zysron","218519","accepted","Teleostei","1947-10-02","1947","Cavite","Manila Bay, off Cavite Prov.","14.358786","120.760205","24829","Broad-area lead only; source locality/province and the Cavite water boundary still need verification.","Error covers Manila Bay off Cavite Province.","2461","[""NO_DEPTH""]","Cavite/Manila Bay historical lead; approximate area only","The source locality or georeference remarks name Cavite/Manila Bay, but the reported coordinate uncertainty exceeds 10 km.","Keep only at broad coastal-area scale; do not display as a fishing spot or precise point.","Not completed: a suitable authoritative Cavite fishing-water boundary geometry is not included in this project.","PreservedSpecimen","urn:catalog:CAS:ICH:51752","https://obis.org/occurrence/2db0e246-95b3-4193-aa2b-731b6c23e182","CAS Ichthyology (ICH)","d6af0fac-8a21-4d77-8872-f10d471fc0cf","https://obis.org/dataset/d6af0fac-8a21-4d77-8872-f10d471fc0cf","Fong J (2026). CAS Ichthyology (ICH). Version 150.543. California Academy of Sciences. Occurrence dataset. http://ipt.calacademy.org:8080/resource?r=ich&v=150.543","https://creativecommons.org/publicdomain/zero/1.0/","CC0 1.0","https://www.marinespecies.org/aphia.php?p=taxdetails&id=218519","Historical museum specimen record; current local presence is not established.","Not assessed; do not present as catch advice.","Research only; locality and applicable rules remain unverified."
"Parexocoetus mento","Parexocoetus mento","126388","accepted","Teleostei","1947-10-27","1947","","Limbones Cove, w. Luzon.","14.245076","120.610974","3131","Coordinate uncertainty is at most 10 km; verify the source locality and municipal-water boundary before local display.","Polygon covers Limbones Cove. Coordinates placed at center of polygon.","1307","[]","Limbones Cove historical lead; approximate area only","The locality names Limbones Cove, but OBIS says the coordinates were placed at the center of a polygon; the point is not an exact collection spot.","Keep only as a broad historical cove-area lead; do not display as a fishing spot or precise point.","Not completed: a suitable authoritative Cavite fishing-water boundary geometry is not included in this project.","PreservedSpecimen","urn:catalog:CAS:ICH:82066","https://obis.org/occurrence/3a26e32c-b505-4f09-8370-83ed687db83c","CAS Ichthyology (ICH)","d6af0fac-8a21-4d77-8872-f10d471fc0cf","https://obis.org/dataset/d6af0fac-8a21-4d77-8872-f10d471fc0cf","Fong J (2026). CAS Ichthyology (ICH). Version 150.543. California Academy of Sciences. Occurrence dataset. http://ipt.calacademy.org:8080/resource?r=ich&v=150.543","https://creativecommons.org/publicdomain/zero/1.0/","CC0 1.0","https://www.marinespecies.org/aphia.php?p=taxdetails&id=126388","Historical museum specimen record; current local presence is not established.","Not assessed; do not present as catch advice.","Research only; locality and applicable rules remain unverified."
"Rogadius asper","Rogadius asper","218150","accepted","Teleostei","1964-01-01","1964","","South of Manila Bay; E side of Limbones Cove","14.245076","120.610974","3131","Coordinate uncertainty is at most 10 km; verify the source locality and municipal-water boundary before local display.","Polygon covers Limbones Cove. Coordinates placed at center of polygon.","1307","[]","Limbones Cove historical lead; approximate area only","The locality names Limbones Cove, but OBIS says the coordinates were placed at the center of a polygon; the point is not an exact collection spot.","Keep only as a broad historical cove-area lead; do not display as a fishing spot or precise point.","Not completed: a suitable authoritative Cavite fishing-water boundary geometry is not included in this project.","PreservedSpecimen","urn:catalog:CAS:ICH:32861","https://obis.org/occurrence/df8673a7-ee9d-48b0-8c67-4375a254f7a1","CAS Ichthyology (ICH)","d6af0fac-8a21-4d77-8872-f10d471fc0cf","https://obis.org/dataset/d6af0fac-8a21-4d77-8872-f10d471fc0cf","Fong J (2026). CAS Ichthyology (ICH). Version 150.543. California Academy of Sciences. Occurrence dataset. http://ipt.calacademy.org:8080/resource?r=ich&v=150.543","https://creativecommons.org/publicdomain/zero/1.0/","CC0 1.0","https://www.marinespecies.org/aphia.php?p=taxdetails&id=218150","Historical museum specimen record; current local presence is not established.","Not assessed; do not present as catch advice.","Research only; locality and applicable rules remain unverified."
"Sillago sihama","Sillago sihama","127046","accepted","Teleostei","","","","Limbones Cove, Luzon I., P.I.","14.245076","120.610974","3131","Coordinate uncertainty is at most 10 km; verify the source locality and municipal-water boundary before local display.","Polygon covers Limbones Cove. Coordinates placed at center of polygon.","1307","[""NO_DEPTH""]","Limbones Cove historical lead; approximate area only","The locality names Limbones Cove, but OBIS says the coordinates were placed at the center of a polygon; the point is not an exact collection spot.","Keep only as a broad historical cove-area lead; do not display as a fishing spot or precise point.","Not completed: a suitable authoritative Cavite fishing-water boundary geometry is not included in this project.","PreservedSpecimen","urn:catalog:CAS:SU(ICH):21728","https://obis.org/occurrence/a79562a3-37e0-4ecc-b406-0b3093df11c6","CAS Ichthyology (ICH)","d6af0fac-8a21-4d77-8872-f10d471fc0cf","https://obis.org/dataset/d6af0fac-8a21-4d77-8872-f10d471fc0cf","Fong J (2026). CAS Ichthyology (ICH). Version 150.543. California Academy of Sciences. Occurrence dataset. http://ipt.calacademy.org:8080/resource?r=ich&v=150.543","https://creativecommons.org/publicdomain/zero/1.0/","CC0 1.0","https://www.marinespecies.org/aphia.php?p=taxdetails&id=127046","Historical museum specimen record; current local presence is not established.","Not assessed; do not present as catch advice.","Research only; locality and applicable rules remain unverified."
