"id","species","scientificName","class","family","basisOfRecord","eventDate","locality","decimalLatitude","decimalLongitude","coordinateUncertaintyInMeters","georeferenceRemarks","dataset_id","license","flags","triage_status","triage_reason","map_recommendation"
"03315c39-2052-4349-886a-abe467aada40","Bovichtus variegatus","Bovichtus variegatus","Teleostei","Bovichtidae","PreservedSpecimen","1957-03-02","tidepool, Forest Cave, outer coast","14.107651","120.623249","1121686","Coordinates at Forest Cove. Error expanded to covers the rest of Philippines.","d6af0fac-8a21-4d77-8872-f10d471fc0cf","https://creativecommons.org/publicdomain/zero/1.0/","[""NO_DEPTH""]","Cannot verify as Cavite — exclude from local list pending source review","Coordinate uncertainty exceeds 100 km; source remarks say the error may cover the rest of the Philippines.","Do not plot or count as a Cavite-specific occurrence."
"2440495a-808f-4884-a3ee-bba45f8d072c","Nemipterus balinensis","Nemipterus balinensis","Teleostei","Nemipteridae","PreservedSpecimen","","","14.358786","120.760205","24829","","2891a788-9f30-4413-8f73-9e7686890e9d","(CC-BY NC) 4.0","[""NO_DEPTH""]","Locality unconfirmed — needs source review","Coordinate uncertainty exceeds 10 km and the record does not provide enough locality detail to confirm Cavite.","Keep in review queue; do not present as a verified Cavite-specific point."
"28de0e57-8692-46a7-bffb-a3bcee013bf1","","Pectinidae","Bivalvia","Pectinidae","PreservedSpecimen","1979-03-03","55 km S of Manila, Ternate, from a small beach on cove near a river, at water's edge.","14.409493","120.838067","17050","[no precise location] Cavite Province. Placed marker at the coast of Cavite.","aa16d305-d413-4c4a-90be-b1ec3298d58d","https://creativecommons.org/publicdomain/zero/1.0/","[]","Cavite/Manila Bay reported, approximate location only","Locality or georeference remarks mention Cavite/Manila Bay, but uncertainty exceeds 10 km or the record says no precise location.","If retained after validation, show only at broad area/province scale, never as a fishing spot."
"2901d90a-c60f-4a23-98db-04dffce7e73a","","Littorinidae","Gastropoda","Littorinidae","PreservedSpecimen","1979-03-03","55 km S of Manila, Ternate, from a small beach on cove near a river, at water's edge.","14.409493","120.838067","17050","[no precise location] Cavite Province. Placed marker at the coast of Cavite.","aa16d305-d413-4c4a-90be-b1ec3298d58d","https://creativecommons.org/publicdomain/zero/1.0/","[]","Cavite/Manila Bay reported, approximate location only","Locality or georeference remarks mention Cavite/Manila Bay, but uncertainty exceeds 10 km or the record says no precise location.","If retained after validation, show only at broad area/province scale, never as a fishing spot."
"29c0b698-752d-40e6-8422-c2a95ca372a0","Heliofungia actiniformis","Heliofungia actiniformis","Hexacorallia","Fungiidae","HumanObservation","2017-03-16","","14.1242038871","120.6292283851","30981","","eaea291a-1e1d-4382-b86f-ac3cc15b8d5a","https://creativecommons.org/licenses/by-nc/4.0/","[""NO_DEPTH"",""ON_LAND""]","Locality unconfirmed — needs source review","Coordinate uncertainty exceeds 10 km and the record does not provide enough locality detail to confirm Cavite.","Keep in review queue; do not present as a verified Cavite-specific point."
"2db0e246-95b3-4193-aa2b-731b6c23e182","Nemipterus zysron","Nemipterus zysron","Teleostei","Nemipteridae","PreservedSpecimen","1947-10-02","Manila Bay, off Cavite Prov.","14.358786","120.760205","24829","Error covers Manila Bay off Cavite Province.","d6af0fac-8a21-4d77-8872-f10d471fc0cf","https://creativecommons.org/publicdomain/zero/1.0/","[""NO_DEPTH""]","Cavite/Manila Bay reported, approximate location only","Locality or georeference remarks mention Cavite/Manila Bay, but uncertainty exceeds 10 km or the record says no precise location.","If retained after validation, show only at broad area/province scale, never as a fishing spot."
"32acf166-ebb1-4a74-bb84-fd71ca70489d","Nemipterus zysron","Nemipterus zysron","Teleostei","Nemipteridae","PreservedSpecimen","","","14.358786","120.760205","24829","","2891a788-9f30-4413-8f73-9e7686890e9d","(CC-BY NC) 4.0","[""NO_DEPTH""]","Locality unconfirmed — needs source review","Coordinate uncertainty exceeds 10 km and the record does not provide enough locality detail to confirm Cavite.","Keep in review queue; do not present as a verified Cavite-specific point."
"40c8e439-f11f-44fe-bd81-6b7138c5314b","Champsodon nudivittis","Champsodon nudivittis","Teleostei","Champsodontidae","PreservedSpecimen","","","14.358786","120.760205","24829","","2891a788-9f30-4413-8f73-9e7686890e9d","(CC-BY NC) 4.0","[""NO_DEPTH""]","Locality unconfirmed — needs source review","Coordinate uncertainty exceeds 10 km and the record does not provide enough locality detail to confirm Cavite.","Keep in review queue; do not present as a verified Cavite-specific point."
"4373516c-f35f-4163-97d4-c34d3be60117","Bovichtus variegatus","Bovichtus variegatus","Teleostei","Bovichtidae","PreservedSpecimen","","","14.107651","120.623249","1121686","","2891a788-9f30-4413-8f73-9e7686890e9d","(CC-BY NC) 4.0","[""NO_DEPTH""]","Cannot verify as Cavite — exclude from local list pending source review","Coordinate uncertainty exceeds 100 km; source remarks say the error may cover the rest of the Philippines.","Do not plot or count as a Cavite-specific occurrence."
"47531543-66c1-4a54-96b7-15f44ede27c4","Girella zebra","Girella zebra","Teleostei","Kyphosidae","PreservedSpecimen","","","14.107651","120.623249","1121686","","2891a788-9f30-4413-8f73-9e7686890e9d","(CC-BY NC) 4.0","[""NO_DEPTH""]","Cannot verify as Cavite — exclude from local list pending source review","Coordinate uncertainty exceeds 100 km; source remarks say the error may cover the rest of the Philippines.","Do not plot or count as a Cavite-specific occurrence."
"4a54fb70-73b2-477b-9f1d-3495bb52b0bd","","Acmaeidae","Gastropoda","Acmaeidae","PreservedSpecimen","1979-03-03","55 km S of Manila, Ternate, from a small beach on cove near a river, at water's edge.","14.409493","120.838067","17050","[no precise location] Cavite Province. Placed marker at the coast of Cavite.","aa16d305-d413-4c4a-90be-b1ec3298d58d","https://creativecommons.org/publicdomain/zero/1.0/","[]","Cavite/Manila Bay reported, approximate location only","Locality or georeference remarks mention Cavite/Manila Bay, but uncertainty exceeds 10 km or the record says no precise location.","If retained after validation, show only at broad area/province scale, never as a fishing spot."
"53fccd58-562f-4d1d-8fab-a0353735c609","","Lucinidae","Bivalvia","Lucinidae","PreservedSpecimen","1965-07-01","Cavite","14.409493","120.838067","17050","[no precise location] Cavite Province. Placed marker at the coast of Cavite.","aa16d305-d413-4c4a-90be-b1ec3298d58d","https://creativecommons.org/publicdomain/zero/1.0/","[]","Cavite/Manila Bay reported, approximate location only","Locality or georeference remarks mention Cavite/Manila Bay, but uncertainty exceeds 10 km or the record says no precise location.","If retained after validation, show only at broad area/province scale, never as a fishing spot."
"6ed582f3-71f2-42d8-88c9-bbd3773e82b2","","Kyphosidae","Teleostei","Kyphosidae","PreservedSpecimen","1957-03-02","tidepool; Forest Cave, outer coast","14.107651","120.623249","1121686","Coordinates at Forest Cove. Error expanded to covers the rest of Philippines.","d6af0fac-8a21-4d77-8872-f10d471fc0cf","https://creativecommons.org/publicdomain/zero/1.0/","[""NO_DEPTH""]","Cannot verify as Cavite — exclude from local list pending source review","Coordinate uncertainty exceeds 100 km; source remarks say the error may cover the rest of the Philippines.","Do not plot or count as a Cavite-specific occurrence."
"71c61eb9-dfe1-4045-ab23-4f79a429842a","Pseudanthias tuka","Pseudanthias tuka","Teleostei","Anthiadidae","PreservedSpecimen","1947-10","S entrance of Bay: at Cavite coast.","14.358786","120.760205","24829","Error covers Manila Bay off Cavite Province.","d6af0fac-8a21-4d77-8872-f10d471fc0cf","https://creativecommons.org/publicdomain/zero/1.0/","[""NO_DEPTH""]","Cavite/Manila Bay reported, approximate location only","Locality or georeference remarks mention Cavite/Manila Bay, but uncertainty exceeds 10 km or the record says no precise location.","If retained after validation, show only at broad area/province scale, never as a fishing spot."
"72aa95e8-6462-4eba-8f18-2f4e092881c1","Champsodon nudivittis","Champsodon nudivittis","Teleostei","Champsodontidae","PreservedSpecimen","1947-10-02","Coast of Cavite Province: S. entrance to Manila Bay.","14.358786","120.760205","24829","Error covers Manila Bay off Cavite Province.","d6af0fac-8a21-4d77-8872-f10d471fc0cf","https://creativecommons.org/publicdomain/zero/1.0/","[""NO_DEPTH""]","Cavite/Manila Bay reported, approximate location only","Locality or georeference remarks mention Cavite/Manila Bay, but uncertainty exceeds 10 km or the record says no precise location.","If retained after validation, show only at broad area/province scale, never as a fishing spot."
"7a9d7bad-c7a8-4ee8-afe8-1f56fbc32b29","Heliofungia actiniformis","Heliofungia actiniformis","Hexacorallia","Fungiidae","HumanObservation","2025-03-12","","14.1364744655","120.6239345649","30981","","eaea291a-1e1d-4382-b86f-ac3cc15b8d5a","https://creativecommons.org/licenses/by-nc/4.0/","[""NO_DEPTH"",""ON_LAND""]","Locality unconfirmed — needs source review","Coordinate uncertainty exceeds 10 km and the record does not provide enough locality detail to confirm Cavite.","Keep in review queue; do not present as a verified Cavite-specific point."
"82a4157d-c8aa-43cc-923d-9e172e788cf0","Egretta eulophotes","Egretta eulophotes","Aves","Ardeidae","HumanObservation","2024-12-24T13:50:46+08:00","","14.144146396","120.6409367472","30981","","eaea291a-1e1d-4382-b86f-ac3cc15b8d5a","https://creativecommons.org/licenses/by/4.0/","[""NO_DEPTH"",""ON_LAND""]","Locality unconfirmed — needs source review","Coordinate uncertainty exceeds 10 km and the record does not provide enough locality detail to confirm Cavite.","Keep in review queue; do not present as a verified Cavite-specific point."
"89451096-9541-4ede-8bb4-558e8e2b3584","","Planaxidae","Gastropoda","Planaxidae","PreservedSpecimen","1979-03-03","55 km S of Manila, Ternate, from a small beach on cove near a river, at water's edge.","14.409493","120.838067","17050","[no precise location] Cavite Province. Placed marker at the coast of Cavite.","aa16d305-d413-4c4a-90be-b1ec3298d58d","https://creativecommons.org/publicdomain/zero/1.0/","[]","Cavite/Manila Bay reported, approximate location only","Locality or georeference remarks mention Cavite/Manila Bay, but uncertainty exceeds 10 km or the record says no precise location.","If retained after validation, show only at broad area/province scale, never as a fishing spot."
"8a931e4e-58f6-4528-86b5-45c96d5e0459","Amioides polyacanthus","Amioides polyacanthus","Teleostei","Apogonidae","PreservedSpecimen","1947-10-02","Coast of Cavite Province: S. entrance to Manila Bay.","14.358786","120.760205","24829","Error covers Manila Bay off Cavite Province.","d6af0fac-8a21-4d77-8872-f10d471fc0cf","https://creativecommons.org/publicdomain/zero/1.0/","[""NO_DEPTH""]","Cavite/Manila Bay reported, approximate location only","Locality or georeference remarks mention Cavite/Manila Bay, but uncertainty exceeds 10 km or the record says no precise location.","If retained after validation, show only at broad area/province scale, never as a fishing spot."
"908365de-d41d-413d-a2b1-f0cce3737cca","","Naticidae","Gastropoda","Naticidae","PreservedSpecimen","1965-07-01","Cavite","14.409493","120.838067","17050","[no precise location] Cavite Province. Placed marker at the coast of Cavite.","aa16d305-d413-4c4a-90be-b1ec3298d58d","https://creativecommons.org/publicdomain/zero/1.0/","[""NO_DEPTH""]","Cavite/Manila Bay reported, approximate location only","Locality or georeference remarks mention Cavite/Manila Bay, but uncertainty exceeds 10 km or the record says no precise location.","If retained after validation, show only at broad area/province scale, never as a fishing spot."
"9409b0a7-54e2-4645-9c7f-83ab6ed76ba6","","Barbatia","Bivalvia","Arcidae","PreservedSpecimen","","Manila Bay, Cavite","14.37491","120.77824","23379","Placed marker in Manila Bay, with large uncertainty radius. Precise location: off Cavite","aa16d305-d413-4c4a-90be-b1ec3298d58d","https://creativecommons.org/publicdomain/zero/1.0/","[""NO_DEPTH""]","Cavite/Manila Bay reported, approximate location only","Locality or georeference remarks mention Cavite/Manila Bay, but uncertainty exceeds 10 km or the record says no precise location.","If retained after validation, show only at broad area/province scale, never as a fishing spot."
"9701e095-8719-402d-83fc-c2a7d781e3e6","","Littorinidae","Gastropoda","Littorinidae","PreservedSpecimen","1979-03-03","55 km S of Manila, Ternate, from a small beach on cove near a river, at water's edge.","14.409493","120.838067","17050","[no precise location] Cavite Province. Placed marker at the coast of Cavite.","aa16d305-d413-4c4a-90be-b1ec3298d58d","https://creativecommons.org/publicdomain/zero/1.0/","[]","Cavite/Manila Bay reported, approximate location only","Locality or georeference remarks mention Cavite/Manila Bay, but uncertainty exceeds 10 km or the record says no precise location.","If retained after validation, show only at broad area/province scale, never as a fishing spot."
"9af2a088-e4de-43bb-9f67-387236fe7abb","Nemipterus peronii","Nemipterus peronii","Teleostei","Nemipteridae","PreservedSpecimen","","","14.358786","120.760205","24829","","2891a788-9f30-4413-8f73-9e7686890e9d","(CC-BY NC) 4.0","[""NO_DEPTH""]","Locality unconfirmed — needs source review","Coordinate uncertainty exceeds 10 km and the record does not provide enough locality detail to confirm Cavite.","Keep in review queue; do not present as a verified Cavite-specific point."
"a3d32930-7cc0-4560-bcda-b5573bb722ad","Eretmochelys imbricata","Eretmochelys imbricata","","Cheloniidae","HumanObservation","2023-12-31T08:46:00+08:00","","14.2167038688","120.6885415181","30968","","eaea291a-1e1d-4382-b86f-ac3cc15b8d5a","https://creativecommons.org/licenses/by-nc/4.0/","[""NO_DEPTH"",""ON_LAND""]","Sensitive wildlife — no catch recommendations","Sea-turtle record; DENR wildlife review required. Coordinate uncertainty is about 31 km and locality is not supplied.","Do not expose the point publicly; if included, use a generalized conservation notice after location review."
"a4a7679e-b7b8-4fc5-8daa-9838d8a569dc","Amioides polyacanthus","Amioides polyacanthus","Teleostei","Apogonidae","PreservedSpecimen","","","14.358786","120.760205","24829","","2891a788-9f30-4413-8f73-9e7686890e9d","(CC-BY NC) 4.0","[""NO_DEPTH""]","Locality unconfirmed — needs source review","Coordinate uncertainty exceeds 10 km and the record does not provide enough locality detail to confirm Cavite.","Keep in review queue; do not present as a verified Cavite-specific point."
"b1a5709b-ee9c-4ca9-9f1e-1412bc2fb46c","","Loligo","Cephalopoda","Loliginidae","PreservedSpecimen","","Cavite","14.409493","120.838067","17050","[no precise location] Cavite Province. Placed marker at the coast of Cavite.","aa16d305-d413-4c4a-90be-b1ec3298d58d","https://creativecommons.org/publicdomain/zero/1.0/","[""NO_DEPTH""]","Cavite/Manila Bay reported, approximate location only","Locality or georeference remarks mention Cavite/Manila Bay, but uncertainty exceeds 10 km or the record says no precise location.","If retained after validation, show only at broad area/province scale, never as a fishing spot."
"b3ed9cc7-2083-438f-8528-7db79dfd49c5","Nemipterus balinensis","Nemipterus balinensis","Teleostei","Nemipteridae","PreservedSpecimen","1947-10-02","off Cavite Prov.","14.358786","120.760205","24829","Error covers Manila Bay off Cavite Province.","d6af0fac-8a21-4d77-8872-f10d471fc0cf","https://creativecommons.org/publicdomain/zero/1.0/","[""NO_DEPTH""]","Cavite/Manila Bay reported, approximate location only","Locality or georeference remarks mention Cavite/Manila Bay, but uncertainty exceeds 10 km or the record says no precise location.","If retained after validation, show only at broad area/province scale, never as a fishing spot."
"b6ee197a-eb87-4100-a0b7-f5b127275ebb","","Penaeidae","Malacostraca","Penaeidae","PreservedSpecimen","","Cavite","14.409493","120.838067","17050","[no precise location] Cavite Province. Placed marker at the coast of Cavite.","aa16d305-d413-4c4a-90be-b1ec3298d58d","https://creativecommons.org/publicdomain/zero/1.0/","[""NO_DEPTH""]","Cavite/Manila Bay reported, approximate location only","Locality or georeference remarks mention Cavite/Manila Bay, but uncertainty exceeds 10 km or the record says no precise location.","If retained after validation, show only at broad area/province scale, never as a fishing spot."
"b71fb6e6-2557-4d74-8a16-41e5cc319e35","Hypselodoris rositoi","Hypselodoris rositoi","Gastropoda","Chromodorididae","PreservedSpecimen","2009-05","Cavite Province","14.409493","120.838067","17050","[no precise location] Cavite Province. Placed marker at the coast of Cavite.","aa16d305-d413-4c4a-90be-b1ec3298d58d","https://creativecommons.org/publicdomain/zero/1.0/","[""NO_DEPTH""]","Cavite/Manila Bay reported, approximate location only","Locality or georeference remarks mention Cavite/Manila Bay, but uncertainty exceeds 10 km or the record says no precise location.","If retained after validation, show only at broad area/province scale, never as a fishing spot."
"bcb280d2-e7fc-447e-82d3-6edc3b29bf85","","Palinuridae","Malacostraca","Palinuridae","PreservedSpecimen","","Cavite","14.409493","120.838067","17050","[no precise location] Cavite Province. Placed marker at the coast of Cavite.","aa16d305-d413-4c4a-90be-b1ec3298d58d","https://creativecommons.org/publicdomain/zero/1.0/","[""NO_DEPTH""]","Cavite/Manila Bay reported, approximate location only","Locality or georeference remarks mention Cavite/Manila Bay, but uncertainty exceeds 10 km or the record says no precise location.","If retained after validation, show only at broad area/province scale, never as a fishing spot."
"bf51e1db-b2ce-4425-81db-44e119c26070","Nemipterus peronii","Nemipterus peronii","Teleostei","Nemipteridae","PreservedSpecimen","","off Cavite Prov.","14.358786","120.760205","24829","Error covers Manila Bay off Cavite Province.","d6af0fac-8a21-4d77-8872-f10d471fc0cf","https://creativecommons.org/publicdomain/zero/1.0/","[""NO_DEPTH""]","Cavite/Manila Bay reported, approximate location only","Locality or georeference remarks mention Cavite/Manila Bay, but uncertainty exceeds 10 km or the record says no precise location.","If retained after validation, show only at broad area/province scale, never as a fishing spot."
"caac5119-bc29-47d3-aa85-0a6ce3987016","Chelidoperca stella","Chelidoperca stella","Teleostei","Serranidae","PreservedSpecimen","1947-10-02","Coast of Cavite Province: S. entrance to Manila Bay.","14.358786","120.760205","24829","Error covers Manila Bay off Cavite Province.","d6af0fac-8a21-4d77-8872-f10d471fc0cf","https://creativecommons.org/publicdomain/zero/1.0/","[""NO_DEPTH""]","Cavite/Manila Bay reported, approximate location only","Locality or georeference remarks mention Cavite/Manila Bay, but uncertainty exceeds 10 km or the record says no precise location.","If retained after validation, show only at broad area/province scale, never as a fishing spot."
"d3d5fc08-bfb1-4d68-8d82-8edfe8ab2e6e","","Acmaeidae","Gastropoda","Acmaeidae","PreservedSpecimen","1979-03-03","55 km S of Manila, Ternate, from a small beach on cove near a river, at water's edge.","14.409493","120.838067","17050","[no precise location] Cavite Province. Placed marker at the coast of Cavite.","aa16d305-d413-4c4a-90be-b1ec3298d58d","https://creativecommons.org/publicdomain/zero/1.0/","[]","Cavite/Manila Bay reported, approximate location only","Locality or georeference remarks mention Cavite/Manila Bay, but uncertainty exceeds 10 km or the record says no precise location.","If retained after validation, show only at broad area/province scale, never as a fishing spot."
"dc37ae25-8008-4193-a16a-cf9eb45606e7","","Octopus","Cephalopoda","Octopodidae","PreservedSpecimen","1937-12-11","Nasugbu","14.147945","120.590675","19200","[no precise location] Nasugbu, Batangas","aa16d305-d413-4c4a-90be-b1ec3298d58d","https://creativecommons.org/publicdomain/zero/1.0/","[""NO_DEPTH""]","Locality points to Batangas — exclude from Cavite pending source review","The supplied locality says Nasugbu, Batangas, despite the coordinate falling inside the broad search geometry.","Do not count as Cavite; verify original catalogue record if needed."
"e5e9c35c-57a8-4fb7-a750-482b43b3b74d","Lepidochelys olivacea","Lepidochelys olivacea","","Cheloniidae","HumanObservation","2021-11-27T22:18:39+08:00","","14.2054823155","120.6514392594","30968","","eaea291a-1e1d-4382-b86f-ac3cc15b8d5a","https://creativecommons.org/licenses/by-nc/4.0/","[""NO_DEPTH"",""ON_LAND""]","Sensitive wildlife — no catch recommendations","Sea-turtle record; DENR wildlife review required. Coordinate uncertainty is about 31 km and locality is not supplied.","Do not expose the point publicly; if included, use a generalized conservation notice after location review."
"ea856d2e-88af-4177-99a4-14f362630c58","","Penaeidae","Malacostraca","Penaeidae","PreservedSpecimen","1936-12-11","Nasugbu","14.147945","120.590675","19200","[no precise location] Nasugbu, Batangas","aa16d305-d413-4c4a-90be-b1ec3298d58d","https://creativecommons.org/publicdomain/zero/1.0/","[""NO_DEPTH""]","Locality points to Batangas — exclude from Cavite pending source review","The supplied locality says Nasugbu, Batangas, despite the coordinate falling inside the broad search geometry.","Do not count as Cavite; verify original catalogue record if needed."
"ed7ce6b4-548a-406f-a936-1e655a1a7248","","Acmaeidae","Gastropoda","Acmaeidae","PreservedSpecimen","1979-03-03","55 km S of Manila, Ternate, from a small beach on cove near a river, at water's edge.","14.409493","120.838067","17050","[no precise location] Cavite Province. Placed marker at the coast of Cavite.","aa16d305-d413-4c4a-90be-b1ec3298d58d","https://creativecommons.org/publicdomain/zero/1.0/","[]","Cavite/Manila Bay reported, approximate location only","Locality or georeference remarks mention Cavite/Manila Bay, but uncertainty exceeds 10 km or the record says no precise location.","If retained after validation, show only at broad area/province scale, never as a fishing spot."
"ee70b42a-c5e5-4c5d-ae26-c3d08c5cb2ca","Sepioteuthis lessoniana","Sepioteuthis lessoniana","Cephalopoda","Loliginidae","PreservedSpecimen","","Cavite","14.409493","120.838067","17050","[no precise location] Cavite Province. Placed marker at the coast of Cavite.","aa16d305-d413-4c4a-90be-b1ec3298d58d","https://creativecommons.org/publicdomain/zero/1.0/","[""NO_DEPTH""]","Cavite/Manila Bay reported, approximate location only","Locality or georeference remarks mention Cavite/Manila Bay, but uncertainty exceeds 10 km or the record says no precise location.","If retained after validation, show only at broad area/province scale, never as a fishing spot."
"f132057b-db55-4173-9b72-de6740c89470","Pseudanthias tuka","Pseudanthias tuka","Teleostei","Anthiadidae","PreservedSpecimen","","","14.358786","120.760205","24829","","2891a788-9f30-4413-8f73-9e7686890e9d","(CC-BY NC) 4.0","[""NO_DEPTH""]","Locality unconfirmed — needs source review","Coordinate uncertainty exceeds 10 km and the record does not provide enough locality detail to confirm Cavite.","Keep in review queue; do not present as a verified Cavite-specific point."
"fb60f89c-53e8-4614-a51d-101cf92d0814","Girella elevata","Girella elevata","Teleostei","Kyphosidae","PreservedSpecimen","","","14.107651","120.623249","1121686","","2891a788-9f30-4413-8f73-9e7686890e9d","(CC-BY NC) 4.0","[""NO_DEPTH""]","Cannot verify as Cavite — exclude from local list pending source review","Coordinate uncertainty exceeds 100 km; source remarks say the error may cover the rest of the Philippines.","Do not plot or count as a Cavite-specific occurrence."
