"obis_species_name","obis_aphia_id","obis_class","worms_scientific_name","worms_authority","worms_status","worms_accepted_aphia_id","worms_accepted_name","worms_accepted_authority","worms_rank","worms_class","worms_family","worms_record_url","worms_modified","queried_at_utc","interpretation"
"Carcharhinus sorrah","217339","Elasmobranchii","Carcharhinus sorrah","(Valenciennes, 1839)","accepted","217339","Carcharhinus sorrah","(Valenciennes, 1839)","Species","Elasmobranchii","Carcharhinidae","https://www.marinespecies.org/aphia.php?p=taxdetails&id=217339","2024-06-19T06:58:31.960Z","2026-10-06T13:52:35.032Z","Taxonomic name cross-check only; does not verify Cavite presence, legality, or catchability."
"Ambassis urotaenia","220038","Teleostei","Ambassis urotaenia","Bleeker, 1852","accepted","220038","Ambassis urotaenia","Bleeker, 1852","Species","Teleostei","Ambassidae","https://www.marinespecies.org/aphia.php?p=taxdetails&id=220038","2008-01-15T17:27:08.177Z","2026-10-06T13:52:35.032Z","Taxonomic name cross-check only; does not verify Cavite presence, legality, or catchability."
"Amioides polyacanthus","1017557","Teleostei","Amioides polyacanthus","(Vaillant, 1877)","accepted","1017557","Amioides polyacanthus","(Vaillant, 1877)","Species","Teleostei","Apogonidae","https://www.marinespecies.org/aphia.php?p=taxdetails&id=1017557","2017-07-14T06:50:47.040Z","2026-10-06T13:52:35.032Z","Taxonomic name cross-check only; does not verify Cavite presence, legality, or catchability."
"Aseraggodes albidus","398685","Teleostei","Aseraggodes albidus","Randall & Desoutter-Meniger, 2007","accepted","398685","Aseraggodes albidus","Randall & Desoutter-Meniger, 2007","Species","Teleostei","Soleidae","https://www.marinespecies.org/aphia.php?p=taxdetails&id=398685","2009-06-10T14:51:32.417Z","2026-10-06T13:52:35.032Z","Taxonomic name cross-check only; does not verify Cavite presence, legality, or catchability."
"Bovichtus variegatus","279377","Teleostei","Bovichtus variegatus","Richardson, 1846","accepted","279377","Bovichtus variegatus","Richardson, 1846","Species","Teleostei","Bovichtidae","https://www.marinespecies.org/aphia.php?p=taxdetails&id=279377","2008-01-15T17:27:08.177Z","2026-10-06T13:52:35.032Z","Taxonomic name cross-check only; does not verify Cavite presence, legality, or catchability."
"Callionymus filamentosus","126791","Teleostei","Callionymus filamentosus","Valenciennes, 1837","accepted","126791","Callionymus filamentosus","Valenciennes, 1837","Species","Teleostei","Callionymidae","https://www.marinespecies.org/aphia.php?p=taxdetails&id=126791","2008-01-15T17:27:08.177Z","2026-10-06T13:52:35.032Z","Taxonomic name cross-check only; does not verify Cavite presence, legality, or catchability."
"Champsodon nudivittis","220338","Teleostei","Champsodon nudivittis","(Ogilby, 1895)","accepted","220338","Champsodon nudivittis","(Ogilby, 1895)","Species","Teleostei","Champsodontidae","https://www.marinespecies.org/aphia.php?p=taxdetails&id=220338","2008-01-15T17:27:08.177Z","2026-10-06T13:52:35.032Z","Taxonomic name cross-check only; does not verify Cavite presence, legality, or catchability."
"Chelidoperca stella","1385046","Teleostei","Chelidoperca stella","Matsunuma & Motomura, 2016","accepted","1385046","Chelidoperca stella","Matsunuma & Motomura, 2016","Species","Teleostei","Serranidae","https://www.marinespecies.org/aphia.php?p=taxdetails&id=1385046","2019-10-28T09:10:46.697Z","2026-10-06T13:52:35.032Z","Taxonomic name cross-check only; does not verify Cavite presence, legality, or catchability."
"Cynoglossus kopsii","219856","Teleostei","Cynoglossus kopsii","(Bleeker, 1851)","accepted","219856","Cynoglossus kopsii","(Bleeker, 1851)","Species","Teleostei","Cynoglossidae","https://www.marinespecies.org/aphia.php?p=taxdetails&id=219856","2008-01-15T17:27:08.177Z","2026-10-06T13:52:35.032Z","Taxonomic name cross-check only; does not verify Cavite presence, legality, or catchability."
"Girella elevata","280858","Teleostei","Girella elevata","MacLeay, 1881","accepted","280858","Girella elevata","MacLeay, 1881","Species","Teleostei","Kyphosidae","https://www.marinespecies.org/aphia.php?p=taxdetails&id=280858","2008-01-15T17:27:08.177Z","2026-10-06T13:52:35.032Z","Taxonomic name cross-check only; does not verify Cavite presence, legality, or catchability."
"Girella zebra","280871","Teleostei","Girella zebra","(Richardson, 1846)","accepted","280871","Girella zebra","(Richardson, 1846)","Species","Teleostei","Kyphosidae","https://www.marinespecies.org/aphia.php?p=taxdetails&id=280871","2020-10-01T06:04:28.283Z","2026-10-06T13:52:35.032Z","Taxonomic name cross-check only; does not verify Cavite presence, legality, or catchability."
"Jaydia poeciloptera","1059799","Teleostei","Jaydia poeciloptera","(Cuvier, 1828)","accepted","1059799","Jaydia poeciloptera","(Cuvier, 1828)","Species","Teleostei","Apogonidae","https://www.marinespecies.org/aphia.php?p=taxdetails&id=1059799","2020-09-24T06:35:24.693Z","2026-10-06T13:52:35.032Z","Taxonomic name cross-check only; does not verify Cavite presence, legality, or catchability."
"Jaydia smithi","313170","Teleostei","Jaydia smithi","Kotthaus, 1970","accepted","313170","Jaydia smithi","Kotthaus, 1970","Species","Teleostei","Apogonidae","https://www.marinespecies.org/aphia.php?p=taxdetails&id=313170","2017-07-10T06:54:22.487Z","2026-10-06T13:52:35.032Z","Taxonomic name cross-check only; does not verify Cavite presence, legality, or catchability."
"Jaydia truncata","713309","Teleostei","Jaydia truncata","(Bleeker, 1855)","accepted","713309","Jaydia truncata","(Bleeker, 1855)","Species","Teleostei","Apogonidae","https://www.marinespecies.org/aphia.php?p=taxdetails&id=713309","2018-10-30T11:02:44.200Z","2026-10-06T13:52:35.032Z","Taxonomic name cross-check only; does not verify Cavite presence, legality, or catchability."
"Muraenesox cinereus","126296","Teleostei","Muraenesox cinereus","(Forsskål, 1775)","accepted","126296","Muraenesox cinereus","(Forsskål, 1775)","Species","Teleostei","Muraenesocidae","https://www.marinespecies.org/aphia.php?p=taxdetails&id=126296","2008-01-15T17:27:08.177Z","2026-10-06T13:52:35.032Z","Taxonomic name cross-check only; does not verify Cavite presence, legality, or catchability."
"Nemipterus balinensis","278118","Teleostei","Nemipterus balinensis","(Bleeker, 1858)","accepted","278118","Nemipterus balinensis","(Bleeker, 1858)","Species","Teleostei","Nemipteridae","https://www.marinespecies.org/aphia.php?p=taxdetails&id=278118","2013-01-08T10:48:02.203Z","2026-10-06T13:52:35.032Z","Taxonomic name cross-check only; does not verify Cavite presence, legality, or catchability."
"Nemipterus peronii","218520","Teleostei","Nemipterus peronii","(Valenciennes, 1830)","accepted","218520","Nemipterus peronii","(Valenciennes, 1830)","Species","Teleostei","Nemipteridae","https://www.marinespecies.org/aphia.php?p=taxdetails&id=218520","2008-01-15T17:27:08.177Z","2026-10-06T13:52:35.032Z","Taxonomic name cross-check only; does not verify Cavite presence, legality, or catchability."
"Nemipterus zysron","218519","Teleostei","Nemipterus zysron","(Bleeker, 1856)","accepted","218519","Nemipterus zysron","(Bleeker, 1856)","Species","Teleostei","Nemipteridae","https://www.marinespecies.org/aphia.php?p=taxdetails&id=218519","2013-01-08T10:48:02.203Z","2026-10-06T13:52:35.032Z","Taxonomic name cross-check only; does not verify Cavite presence, legality, or catchability."
"Nuchequula blochii","398529","Teleostei","Nuchequula blochii","(Valenciennes, 1835)","accepted","398529","Nuchequula blochii","(Valenciennes, 1835)","Species","Teleostei","Leiognathidae","https://www.marinespecies.org/aphia.php?p=taxdetails&id=398529","2009-06-10T14:51:32.417Z","2026-10-06T13:52:35.032Z","Taxonomic name cross-check only; does not verify Cavite presence, legality, or catchability."
"Ostorhinchus fasciatus","712656","Teleostei","Ostorhinchus fasciatus","(White, 1790)","accepted","712656","Ostorhinchus fasciatus","(White, 1790)","Species","Teleostei","Apogonidae","https://www.marinespecies.org/aphia.php?p=taxdetails&id=712656","2012-12-21T12:57:20.013Z","2026-10-06T13:52:35.032Z","Taxonomic name cross-check only; does not verify Cavite presence, legality, or catchability."
"Ostorhinchus pleuron","712683","Teleostei","Ostorhinchus pleuron","(Fraser, 2005)","accepted","712683","Ostorhinchus pleuron","(Fraser, 2005)","Species","Teleostei","Apogonidae","https://www.marinespecies.org/aphia.php?p=taxdetails&id=712683","2012-12-21T12:57:20.013Z","2026-10-06T13:52:35.032Z","Taxonomic name cross-check only; does not verify Cavite presence, legality, or catchability."
"Ostracion rhinorhynchos","278935","Teleostei","Ostracion rhinorhynchos","Bleeker, 1851","accepted","278935","Ostracion rhinorhynchos","Bleeker, 1851","Species","Teleostei","Ostraciidae","https://www.marinespecies.org/aphia.php?p=taxdetails&id=278935","2013-01-08T10:48:02.203Z","2026-10-06T13:52:35.032Z","Taxonomic name cross-check only; does not verify Cavite presence, legality, or catchability."
"Parexocoetus mento","126388","Teleostei","Parexocoetus mento","(Valenciennes, 1847)","accepted","126388","Parexocoetus mento","(Valenciennes, 1847)","Species","Teleostei","Exocoetidae","https://www.marinespecies.org/aphia.php?p=taxdetails&id=126388","2008-01-15T17:27:08.177Z","2026-10-06T13:52:35.032Z","Taxonomic name cross-check only; does not verify Cavite presence, legality, or catchability."
"Pseudanthias tuka","218272","Teleostei","Pseudanthias tuka","(Herre & Montalban, 1927)","superseded combination","312510","Mirolabrichthys tuka","Herre & Montalban, 1927","Species","Teleostei","Anthiadidae","https://www.marinespecies.org/aphia.php?p=taxdetails&id=218272","2026-04-28T15:54:28.197Z","2026-10-06T13:52:35.032Z","Taxonomic name cross-check only; does not verify Cavite presence, legality, or catchability."
"Rogadius asper","218150","Teleostei","Rogadius asper","(Cuvier, 1829)","accepted","218150","Rogadius asper","(Cuvier, 1829)","Species","Teleostei","Platycephalidae","https://www.marinespecies.org/aphia.php?p=taxdetails&id=218150","2008-01-15T17:27:08.177Z","2026-10-06T13:52:35.032Z","Taxonomic name cross-check only; does not verify Cavite presence, legality, or catchability."
"Sillago sihama","127046","Teleostei","Sillago sihama","(Forsskål, 1775)","accepted","127046","Sillago sihama","(Forsskål, 1775)","Species","Teleostei","Sillaginidae","https://www.marinespecies.org/aphia.php?p=taxdetails&id=127046","2008-01-15T17:27:08.177Z","2026-10-06T13:52:35.032Z","Taxonomic name cross-check only; does not verify Cavite presence, legality, or catchability."
"Stolephorus indicus","212280","Teleostei","Stolephorus indicus","(van Hasselt, 1823)","accepted","212280","Stolephorus indicus","(van Hasselt, 1823)","Species","Teleostei","Engraulidae","https://www.marinespecies.org/aphia.php?p=taxdetails&id=212280","2009-06-16T07:05:49.343Z","2026-10-06T13:52:35.032Z","Taxonomic name cross-check only; does not verify Cavite presence, legality, or catchability."
